Subject	Trial	Event Type	Code	trial_boolean(num)	condition_code(num)	condition_label(str)	Time	TTime	Uncertainty...10	Duration	Uncertainty...12	ReqTime	ReqDur	Stim Type	Pair Index
20114	1	Picture	0;11;localize	0	11	localize	161	0	1	175668	7	0	next	other	0
20114	1	Response	0	n/a	n/a	n/a	175607	175447	1	n/a	n/a	n/a	n/a	n/a	n/a
20114	2	Picture	0;111;blockstart	0	111	blockstart	175829	0	7	167	7	0	next	other	0
20114	3	Picture	block_tar_pic	block_tar_pic	n/a	n/a	175995	0	1	50667	1	0	next	other	0
20114	3	Sound	block_tar_sound	block_tar_sound	n/a	n/a	176026	31	254	n/a	n/a	0	n/a	other	0
20114	5	Picture	trial_start	trial_start	n/a	n/a	231829	0	1	667	7	0	next	other	0
20114	5	Picture	1; 30; P; pictures//nontarget//crutch.jpg	1	30	P	232496	667	7	24833	7	580	next	miss	0
20114	5	Sound	1; 0; P; sounds//crust.wav	1	0	P	232499	670	2	n/a	n/a	670	n/a	hit	9
20114	5	Response	11	n/a	n/a	n/a	243500	11671	1	n/a	n/a	n/a	n/a	n/a	n/a
20114	7	Picture	trial_start	trial_start	n/a	n/a	262496	0	1	2667	7	0	next	other	0
20114	7	Sound	2; 25; UN_200; sounds//stadium.wav	2	25	UN_200	263166	670	2	n/a	n/a	670	n/a	incorrect	13
20114	7	Picture	2; 20; UN_200; pictures//target//tail.jpeg	2	20	UN_200	265163	2667	7	22833	7	2580	next	miss	0
20114	7	Response	1	n/a	n/a	n/a	271619	9123	1	n/a	n/a	n/a	n/a	n/a	n/a
20114	9	Picture	trial_start	trial_start	n/a	n/a	293163	0	1	667	7	0	next	other	0
20114	9	Picture	3; 10; UN_0; pictures//nontarget//ashtray.png	3	10	UN_0	293829	667	7	24834	7	580	next	miss	0
20114	9	Sound	3; 0; UN_0; sounds//saint.wav	3	0	UN_0	293833	670	2	n/a	n/a	670	n/a	incorrect	17
20114	9	Response	2	n/a	n/a	n/a	306188	13025	1	n/a	n/a	n/a	n/a	n/a	n/a
20114	11	Picture	trial_start	trial_start	n/a	n/a	323829	0	1	667	7	0	next	other	0
20114	11	Picture	4; 30; P; pictures//nontarget//tray.jpeg	4	30	P	324496	667	7	25167	7	580	next	miss	0
20114	11	Sound	4; 0; P; sounds//tracer.wav	4	0	P	324499	670	2	n/a	n/a	670	n/a	hit	21
20114	11	Response	11	n/a	n/a	n/a	338109	14280	1	n/a	n/a	n/a	n/a	n/a	n/a
20114	13	Picture	trial_start	trial_start	n/a	n/a	354830	0	1	667	7	0	next	other	0
20114	13	Picture	5; 50; No; pictures//nontarget//ginger.jpeg	5	50	No	355496	667	7	25500	7	580	next	miss	0
20114	13	Sound	5; 0; No; sounds//empty.wav	5	0	No	355500	670	2	n/a	n/a	670	n/a	hit	25
20114	13	Response	11	n/a	n/a	n/a	370778	15948	1	n/a	n/a	n/a	n/a	n/a	n/a
20114	15	Picture	trial_start	trial_start	n/a	n/a	386163	0	1	2667	7	0	next	other	0
20114	15	Sound	6; 45; C; sounds//squid.wav	6	45	C	386833	670	2	n/a	n/a	670	n/a	hit	29
20114	15	Picture	6; 40; C; pictures//nontarget//Jellyfish.jpg	6	40	C	388830	2667	7	26167	7	2580	next	miss	0
20114	15	Response	11	n/a	n/a	n/a	402976	16813	1	n/a	n/a	n/a	n/a	n/a	n/a
20114	17	Picture	trial_start	trial_start	n/a	n/a	420164	0	1	667	7	0	next	other	0
20114	17	Picture	7; 50; No; pictures//target//nail.jpeg	7	50	No	420830	667	7	25667	7	580	next	miss	0
20114	17	Sound	7; 0; No; sounds//empty.wav	7	0	No	420834	670	2	n/a	n/a	670	n/a	hit	33
20114	17	Response	21	n/a	n/a	n/a	438636	18472	1	n/a	n/a	n/a	n/a	n/a	n/a
20114	19	Picture	trial_start	trial_start	n/a	n/a	451664	0	1	667	7	0	next	other	0
20114	19	Picture	8; 10; UN_0; pictures//target//pencil.jpg	8	10	UN_0	452331	667	7	24834	7	580	next	miss	0
20114	19	Sound	8; 0; UN_0; sounds//caution.wav	8	0	UN_0	452334	670	2	n/a	n/a	670	n/a	hit	37
20114	19	Response	21	n/a	n/a	n/a	468234	16571	1	n/a	n/a	n/a	n/a	n/a	n/a
20114	21	Picture	trial_start	trial_start	n/a	n/a	482331	0	1	2667	7	0	next	other	0
20114	21	Sound	9; 25; UN_200; sounds//outcome.wav	9	25	UN_200	483001	670	2	n/a	n/a	670	n/a	hit	41
20114	21	Picture	9; 20; UN_200; pictures//nontarget//earring.png	9	20	UN_200	484997	2667	7	24000	7	2580	next	miss	0
20114	21	Response	11	n/a	n/a	n/a	503856	21525	2	n/a	n/a	n/a	n/a	n/a	n/a
20114	23	Picture	trial_start	trial_start	n/a	n/a	514164	0	1	2667	7	0	next	other	0
20114	23	Sound	10; 45; C; sounds//ribbon.wav	10	45	C	514834	670	2	n/a	n/a	670	n/a	incorrect	45
20114	23	Picture	10; 40; C; pictures//target//medal.jpg	10	40	C	516831	2667	7	22833	7	2580	next	miss	0
20114	23	Response	1	n/a	n/a	n/a	536544	22380	1	n/a	n/a	n/a	n/a	n/a	n/a
20114	25	Picture	trial_start	trial_start	n/a	n/a	544831	0	1	667	7	0	next	other	0
20114	25	Picture	11; 30; P; pictures//target//tunnel.jpg	11	30	P	545498	667	7	26000	7	580	next	miss	0
20114	25	Sound	11; 0; P; sounds//touch.wav	11	0	P	545501	670	2	n/a	n/a	670	n/a	hit	49
20114	25	Response	21	n/a	n/a	n/a	555613	10782	1	n/a	n/a	n/a	n/a	n/a	n/a
20114	27	Picture	trial_start	trial_start	n/a	n/a	576665	0	1	2667	7	0	next	other	0
20114	27	Sound	12; 25; UN_200; sounds//quality.wav	12	25	UN_200	577335	670	2	n/a	n/a	670	n/a	hit	53
20114	27	Picture	12; 20; UN_200; pictures//nontarget//Sheep.jpg	12	20	UN_200	579331	2667	7	25500	7	2580	next	miss	0
20114	27	Response	11	n/a	n/a	n/a	592604	15939	2	n/a	n/a	n/a	n/a	n/a	n/a
20114	29	Picture	trial_start	trial_start	n/a	n/a	609998	0	1	667	7	0	next	other	0
20114	29	Picture	13; 50; No; pictures//nontarget//watch.jpeg	13	50	No	610665	667	7	26167	7	580	next	miss	0
20114	29	Sound	13; 0; No; sounds//empty.wav	13	0	No	610668	670	2	n/a	n/a	670	n/a	hit	57
20114	29	Response	11	n/a	n/a	n/a	627142	17144	1	n/a	n/a	n/a	n/a	n/a	n/a
20114	31	Picture	trial_start	trial_start	n/a	n/a	641998	0	1	667	7	0	next	other	0
20114	31	Picture	14; 30; P; pictures//target//pool.jpg	14	30	P	642665	667	7	24834	7	580	next	miss	0
20114	31	Sound	14; 0; P; sounds//pooch.wav	14	0	P	642669	670	2	n/a	n/a	670	n/a	hit	61
20114	31	Response	21	n/a	n/a	n/a	652041	10043	1	n/a	n/a	n/a	n/a	n/a	n/a
20114	33	Picture	trial_start	trial_start	n/a	n/a	672665	0	1	2667	7	0	next	other	0
20114	33	Sound	15; 25; UN_200; sounds//voyage.wav	15	25	UN_200	673335	670	2	n/a	n/a	670	n/a	hit	65
20114	33	Picture	15; 20; UN_200; pictures//target//Bull.jpg	15	20	UN_200	675332	2667	7	22834	7	2580	next	miss	0
20114	33	Response	21	n/a	n/a	n/a	687851	15186	1	n/a	n/a	n/a	n/a	n/a	n/a
20114	35	Picture	trial_start	trial_start	n/a	n/a	703332	0	1	2667	7	0	next	other	0
20114	35	Sound	16; 45; C; sounds//torch.wav	16	45	C	704002	670	2	n/a	n/a	670	n/a	hit	69
20114	35	Picture	16; 40; C; pictures//target//candle.jpg	16	40	C	705999	2667	7	22667	7	2580	next	miss	0
20114	35	Response	21	n/a	n/a	n/a	715620	12288	1	n/a	n/a	n/a	n/a	n/a	n/a
20114	37	Picture	trial_start	trial_start	n/a	n/a	733833	0	1	667	7	0	next	other	0
20114	37	Picture	17; 50; No; pictures//target//eggshell.jpeg	17	50	No	734499	667	7	25000	7	580	next	miss	0
20114	37	Sound	17; 0; No; sounds//empty.wav	17	0	No	734503	670	2	n/a	n/a	670	n/a	incorrect	73
20114	37	Response	1	n/a	n/a	n/a	741300	7467	1	n/a	n/a	n/a	n/a	n/a	n/a
20114	39	Picture	trial_start	trial_start	n/a	n/a	764666	0	1	2667	7	0	next	other	0
20114	39	Sound	18; 25; UN_200; sounds//twin.wav	18	25	UN_200	765336	670	2	n/a	n/a	670	n/a	hit	77
20114	39	Picture	18; 20; UN_200; pictures//nontarget//butterfly.jpg	18	20	UN_200	767333	2667	7	22833	7	2580	next	miss	0
20114	39	Response	11	n/a	n/a	n/a	777900	13234	1	n/a	n/a	n/a	n/a	n/a	n/a
20114	41	Picture	trial_start	trial_start	n/a	n/a	795333	0	1	667	7	0	next	other	0
20114	41	Picture	19; 10; UN_0; pictures//target//shell.jpg	19	10	UN_0	796000	667	7	24834	7	580	next	miss	0
20114	41	Sound	19; 0; UN_0; sounds//airport.wav	19	0	UN_0	796003	670	2	n/a	n/a	670	n/a	incorrect	81
20114	41	Response	1	n/a	n/a	n/a	815928	20595	1	n/a	n/a	n/a	n/a	n/a	n/a
20114	43	Picture	trial_start	trial_start	n/a	n/a	826000	0	1	667	7	0	next	other	0
20114	43	Picture	20; 10; UN_0; pictures//nontarget//shelf.jpg	20	10	UN_0	826666	667	7	25667	7	580	next	miss	0
20114	43	Sound	20; 0; UN_0; sounds//palace.wav	20	0	UN_0	826670	670	1	n/a	n/a	670	n/a	hit	85
20114	43	Response	11	n/a	n/a	n/a	843307	17307	1	n/a	n/a	n/a	n/a	n/a	n/a
20114	45	Picture	trial_start	trial_start	n/a	n/a	857500	0	1	667	7	0	next	other	0
20114	45	Picture	21; 50; No; pictures//nontarget//chick.jpeg	21	50	No	858167	667	7	24834	8	580	next	miss	0
20114	45	Sound	21; 0; No; sounds//empty.wav	21	0	No	858170	670	2	n/a	n/a	670	n/a	hit	89
20114	45	Response	11	n/a	n/a	n/a	872747	15247	1	n/a	n/a	n/a	n/a	n/a	n/a
20114	47	Picture	trial_start	trial_start	n/a	n/a	888167	0	1	667	7	0	next	other	0
20114	47	Picture	22; 30; P; pictures//target//bagel.png	22	30	P	888834	667	7	24834	7	580	next	miss	0
20114	47	Sound	22; 0; P; sounds//baseline.wav	22	0	P	888837	670	2	n/a	n/a	670	n/a	hit	93
20114	47	Response	21	n/a	n/a	n/a	901226	13059	1	n/a	n/a	n/a	n/a	n/a	n/a
20114	49	Picture	trial_start	trial_start	n/a	n/a	918834	0	1	667	7	0	next	other	0
20114	49	Picture	23; 10; UN_0; pictures//nontarget//plug.jpg	23	10	UN_0	919501	667	7	24834	7	580	next	miss	0
20114	49	Sound	23; 0; UN_0; sounds//oil.wav	23	0	UN_0	919504	670	2	n/a	n/a	670	n/a	hit	97
20114	49	Response	11	n/a	n/a	n/a	930046	11212	1	n/a	n/a	n/a	n/a	n/a	n/a
20114	51	Picture	trial_start	trial_start	n/a	n/a	949501	0	1	2667	7	0	next	other	0
20114	51	Sound	24; 45; C; sounds//broom.wav	24	45	C	950171	670	2	n/a	n/a	670	n/a	hit	101
20114	51	Picture	24; 40; C; pictures//nontarget//mop.jpg	24	40	C	952167	2667	7	22833	7	2580	next	miss	0
20114	51	Response	11	n/a	n/a	n/a	962805	13304	1	n/a	n/a	n/a	n/a	n/a	n/a
20114	53	Picture	trial_start	trial_start	n/a	n/a	980168	0	1	2667	7	0	next	other	0
20114	53	Sound	25; 45; C; sounds//disc.wav	25	45	C	980838	670	1	n/a	n/a	670	n/a	hit	105
20114	53	Picture	25; 40; C; pictures//nontarget//frisbee.png	25	40	C	982834	2667	7	22834	7	2580	next	miss	0
20114	53	Response	11	n/a	n/a	n/a	989135	8967	1	n/a	n/a	n/a	n/a	n/a	n/a
20114	55	Picture	trial_start	trial_start	n/a	n/a	1010834	0	1	2667	7	0	next	other	0
20114	55	Sound	26; 25; UN_200; sounds//seminar.wav	26	25	UN_200	1011504	670	2	n/a	n/a	670	n/a	incorrect	109
20114	55	Picture	26; 20; UN_200; pictures//target//well.jpg	26	20	UN_200	1013501	2667	7	22667	7	2580	next	miss	0
20114	55	Response	1	n/a	n/a	n/a	1023483	12649	1	n/a	n/a	n/a	n/a	n/a	n/a
20114	57	Picture	trial_start	trial_start	n/a	n/a	1041335	0	1	667	7	0	next	other	0
20114	57	Picture	27; 50; No; pictures//target//pineapple.jpeg	27	50	No	1042001	667	7	25334	7	580	next	miss	0
20114	57	Sound	27; 0; No; sounds//empty.wav	27	0	No	1042005	670	2	n/a	n/a	670	n/a	incorrect	113
20114	57	Response	1	n/a	n/a	n/a	1050394	9059	1	n/a	n/a	n/a	n/a	n/a	n/a
20114	59	Picture	trial_start	trial_start	n/a	n/a	1072502	0	1	667	7	0	next	other	0
20114	59	Picture	28; 10; UN_0; pictures//target//windmill.jpg	28	10	UN_0	1073168	667	7	25500	7	580	next	miss	0
20114	59	Sound	28; 0; UN_0; sounds//hive.wav	28	0	UN_0	1073172	670	1	n/a	n/a	670	n/a	incorrect	117
20114	59	Response	1	n/a	n/a	n/a	1090723	18221	1	n/a	n/a	n/a	n/a	n/a	n/a
20114	61	Picture	trial_start	trial_start	n/a	n/a	1103835	0	1	667	7	0	next	other	0
20114	61	Picture	29; 30; P; pictures//nontarget//sandwich.jpg	29	30	P	1104502	667	7	25834	7	580	next	miss	0
20114	61	Sound	29; 0; P; sounds//sanity.wav	29	0	P	1104505	670	2	n/a	n/a	670	n/a	hit	121
20114	61	Response	11	n/a	n/a	n/a	1112602	8767	1	n/a	n/a	n/a	n/a	n/a	n/a
20114	63	Picture	trial_start	trial_start	n/a	n/a	1135502	0	1	2667	7	0	next	other	0
20114	63	Sound	30; 45; C; sounds//chipmunk.wav	30	45	C	1136172	670	2	n/a	n/a	670	n/a	miss	0
20114	63	Picture	30; 40; C; pictures//target//squirrel.jpg	30	40	C	1138169	2667	7	22500	13	2580	next	miss	0
20114	64	Picture	0;222;blockend	0	222	blockend	1160669	0	7	167	13	0	next	other	0
20114	65	Picture	0;111;blockstart	0	111	blockstart	1160836	0	7	167	7	0	next	other	0
20114	66	Picture	block_tar_pic	block_tar_pic	n/a	n/a	1161002	0	1	50500	1	0	next	other	0
20114	66	Sound	block_tar_sound	block_tar_sound	n/a	n/a	1161009	7	1	n/a	n/a	0	n/a	other	0
20114	66	Response	1	n/a	n/a	n/a	1162022	1020	1	n/a	n/a	n/a	n/a	n/a	n/a
20114	68	Picture	trial_start	trial_start	n/a	n/a	1216669	0	1	2667	7	0	next	other	0
20114	68	Sound	1; 45; C; sounds//planet.wav	1	45	C	1217340	670	2	n/a	n/a	670	n/a	hit	133
20114	68	Picture	1; 40; C; pictures//target//moon.jpg	1	40	C	1219336	2667	7	23167	7	2580	next	miss	0
20114	68	Response	21	n/a	n/a	n/a	1227211	10541	1	n/a	n/a	n/a	n/a	n/a	n/a
20114	70	Picture	trial_start	trial_start	n/a	n/a	1247670	0	1	667	7	0	next	other	0
20114	70	Picture	2; 10; UN_0; pictures//nontarget//swing.jpg	2	10	UN_0	1248336	667	7	24834	7	580	next	miss	0
20114	70	Sound	2; 0; UN_0; sounds//frost.wav	2	0	UN_0	1248340	670	2	n/a	n/a	670	n/a	incorrect	137
20114	70	Response	2	n/a	n/a	n/a	1256840	9170	1	n/a	n/a	n/a	n/a	n/a	n/a
20114	72	Picture	trial_start	trial_start	n/a	n/a	1278336	0	1	667	7	0	next	other	0
20114	72	Picture	3; 30; P; pictures//nontarget//tooth.jpg	3	30	P	1279003	667	7	26000	7	580	next	miss	0
20114	72	Sound	3; 0; P; sounds//tour.wav	3	0	P	1279006	670	2	n/a	n/a	670	n/a	hit	141
20114	72	Response	11	n/a	n/a	n/a	1286849	8512	1	n/a	n/a	n/a	n/a	n/a	n/a
20114	74	Picture	trial_start	trial_start	n/a	n/a	1310170	0	1	2667	7	0	next	other	0
20114	74	Sound	4; 45; C; sounds//fence.wav	4	45	C	1310840	670	2	n/a	n/a	670	n/a	hit	145
20114	74	Picture	4; 40; C; pictures//nontarget//crib.jpg	4	40	C	1312837	2667	7	23667	7	2580	next	miss	0
20114	74	Response	11	n/a	n/a	n/a	1322629	12459	1	n/a	n/a	n/a	n/a	n/a	n/a
20114	76	Picture	trial_start	trial_start	n/a	n/a	1341670	0	1	667	7	0	next	other	0
20114	76	Picture	5; 10; UN_0; pictures//target//dolphin.jpg	5	10	UN_0	1342337	667	7	25333	7	580	next	miss	0
20114	76	Sound	5; 0; UN_0; sounds//sale.wav	5	0	UN_0	1342340	670	2	n/a	n/a	670	n/a	hit	149
20114	76	Response	21	n/a	n/a	n/a	1350839	9168	1	n/a	n/a	n/a	n/a	n/a	n/a
20114	78	Picture	trial_start	trial_start	n/a	n/a	1372837	0	1	667	7	0	next	other	0
20114	78	Picture	6; 10; UN_0; pictures//nontarget//beach.jpg	6	10	UN_0	1373504	667	7	24833	7	580	next	miss	0
20114	78	Sound	6; 0; UN_0; sounds//wage.wav	6	0	UN_0	1373507	670	1	n/a	n/a	670	n/a	hit	153
20114	78	Response	11	n/a	n/a	n/a	1381847	9010	1	n/a	n/a	n/a	n/a	n/a	n/a
20114	80	Picture	trial_start	trial_start	n/a	n/a	1403504	0	1	667	7	0	next	other	0
20114	80	Picture	7; 50; No; pictures//nontarget//waffle.jpeg	7	50	No	1404171	667	7	24833	7	580	next	miss	0
20114	80	Sound	7; 0; No; sounds//empty.wav	7	0	No	1404174	670	2	n/a	n/a	670	n/a	hit	157
20114	80	Response	11	n/a	n/a	n/a	1411336	7832	1	n/a	n/a	n/a	n/a	n/a	n/a
20114	82	Picture	trial_start	trial_start	n/a	n/a	1434171	0	1	667	7	0	next	other	0
20114	82	Picture	8; 50; No; pictures//target//cane.jpeg	8	50	No	1434838	667	7	25000	7	580	next	miss	0
20114	82	Sound	8; 0; No; sounds//empty.wav	8	0	No	1434841	670	2	n/a	n/a	670	n/a	hit	161
20114	82	Response	21	n/a	n/a	n/a	1445806	11635	1	n/a	n/a	n/a	n/a	n/a	n/a
20114	84	Picture	trial_start	trial_start	n/a	n/a	1465004	0	1	2667	7	0	next	other	0
20114	84	Sound	9; 25; UN_200; sounds//race.wav	9	25	UN_200	1465674	670	2	n/a	n/a	670	n/a	hit	165
20114	84	Picture	9; 20; UN_200; pictures//target//skeleton.jpg	9	20	UN_200	1467671	2667	7	23833	7	2580	next	miss	0
20114	84	Response	21	n/a	n/a	n/a	1474316	9312	1	n/a	n/a	n/a	n/a	n/a	n/a
20114	86	Picture	trial_start	trial_start	n/a	n/a	1496671	0	1	667	7	0	next	other	0
20114	86	Picture	10; 30; P; pictures//target//iron.jpg	10	30	P	1497338	667	7	25833	7	580	next	miss	0
20114	86	Sound	10; 0; P; sounds//Ireland.wav	10	0	P	1497341	670	2	n/a	n/a	670	n/a	hit	169
20114	86	Response	21	n/a	n/a	n/a	1504684	8013	1	n/a	n/a	n/a	n/a	n/a	n/a
20114	88	Picture	trial_start	trial_start	n/a	n/a	1528338	0	1	2667	7	0	next	other	0
20114	88	Sound	11; 25; UN_200; sounds//model.wav	11	25	UN_200	1529008	670	1	n/a	n/a	670	n/a	hit	173
20114	88	Picture	11; 20; UN_200; pictures//target//penguin.jpg	11	20	UN_200	1531005	2667	7	22833	7	2580	next	miss	0
20114	88	Response	21	n/a	n/a	n/a	1537913	9575	1	n/a	n/a	n/a	n/a	n/a	n/a
20114	90	Picture	trial_start	trial_start	n/a	n/a	1559005	0	1	667	7	0	next	other	0
20114	90	Picture	12; 30; P; pictures//nontarget//mosquito.jpg	12	30	P	1559672	667	7	24834	7	580	next	miss	0
20114	90	Sound	12; 0; P; sounds//mistake.wav	12	0	P	1559675	670	2	n/a	n/a	670	n/a	hit	177
20114	90	Response	11	n/a	n/a	n/a	1570423	11418	1	n/a	n/a	n/a	n/a	n/a	n/a
20114	92	Picture	trial_start	trial_start	n/a	n/a	1589672	0	1	667	7	0	next	other	0
20114	92	Picture	13; 30; P; pictures//nontarget//statue.jpg	13	30	P	1590339	667	7	25667	7	580	next	miss	0
20114	92	Sound	13; 0; P; sounds//status.wav	13	0	P	1590342	670	2	n/a	n/a	670	n/a	hit	181
20114	92	Response	11	n/a	n/a	n/a	1598912	9240	1	n/a	n/a	n/a	n/a	n/a	n/a
20114	94	Picture	trial_start	trial_start	n/a	n/a	1621172	0	1	667	7	0	next	other	0
20114	94	Picture	14; 30; P; pictures//target//chain.jpg	14	30	P	1621839	667	7	24834	7	580	next	miss	0
20114	94	Sound	14; 0; P; sounds//chamber.wav	14	0	P	1621842	670	2	n/a	n/a	670	n/a	hit	185
20114	94	Response	21	n/a	n/a	n/a	1629742	8570	1	n/a	n/a	n/a	n/a	n/a	n/a
20114	96	Picture	trial_start	trial_start	n/a	n/a	1651839	0	1	2667	7	0	next	other	0
20114	96	Sound	15; 45; C; sounds//hill.wav	15	45	C	1652509	670	2	n/a	n/a	670	n/a	hit	189
20114	96	Picture	15; 40; C; pictures//nontarget//volcano.jpeg	15	40	C	1654506	2667	7	24167	7	2580	next	miss	0
20114	96	Response	11	n/a	n/a	n/a	1671131	19292	1	n/a	n/a	n/a	n/a	n/a	n/a
20114	98	Picture	trial_start	trial_start	n/a	n/a	1683839	0	1	2667	7	0	next	other	0
20114	98	Sound	16; 45; C; sounds//squash.wav	16	45	C	1684509	670	1	n/a	n/a	670	n/a	hit	193
20114	98	Picture	16; 40; C; pictures//target//Pumpkin.jpg	16	40	C	1686506	2667	7	22834	7	2580	next	miss	0
20114	98	Response	21	n/a	n/a	n/a	1693621	9781	1	n/a	n/a	n/a	n/a	n/a	n/a
20114	100	Picture	trial_start	trial_start	n/a	n/a	1714506	0	1	667	7	0	next	other	0
20114	100	Picture	17; 50; No; pictures//target//phone.jpeg	17	50	No	1715173	667	7	25334	7	580	next	miss	0
20114	100	Sound	17; 0; No; sounds//empty.wav	17	0	No	1715176	670	2	n/a	n/a	670	n/a	hit	197
20114	100	Response	21	n/a	n/a	n/a	1722250	7744	1	n/a	n/a	n/a	n/a	n/a	n/a
20114	102	Picture	trial_start	trial_start	n/a	n/a	1745673	0	1	667	8	0	next	other	0
20114	102	Picture	18; 30; P; pictures//target//fountain.jpg	18	30	P	1746340	667	7	25000	7	580	next	miss	0
20114	102	Sound	18; 0; P; sounds//founder.wav	18	0	P	1746343	670	2	n/a	n/a	670	n/a	hit	201
20114	102	Response	21	n/a	n/a	n/a	1754190	8516	1	n/a	n/a	n/a	n/a	n/a	n/a
20114	104	Picture	trial_start	trial_start	n/a	n/a	1776507	0	1	2667	7	0	next	other	0
20114	104	Sound	19; 25; UN_200; sounds//breath.wav	19	25	UN_200	1777177	670	2	n/a	n/a	670	n/a	hit	205
20114	104	Picture	19; 20; UN_200; pictures//nontarget//arm.png	19	20	UN_200	1779173	2667	7	22833	7	2580	next	miss	0
20114	104	Response	11	n/a	n/a	n/a	1786760	10254	1	n/a	n/a	n/a	n/a	n/a	n/a
20114	106	Picture	trial_start	trial_start	n/a	n/a	1807174	0	1	2667	7	0	next	other	0
20114	106	Sound	20; 25; UN_200; sounds//material.wav	20	25	UN_200	1807844	670	1	n/a	n/a	670	n/a	hit	209
20114	106	Picture	20; 20; UN_200; pictures//nontarget//dog.png	20	20	UN_200	1809840	2667	7	24334	7	2580	next	miss	0
20114	106	Response	11	n/a	n/a	n/a	1818698	11525	1	n/a	n/a	n/a	n/a	n/a	n/a
20114	108	Picture	trial_start	trial_start	n/a	n/a	1839340	0	1	667	7	0	next	other	0
20114	108	Picture	21; 10; UN_0; pictures//target//button.jpg	21	10	UN_0	1840007	667	7	24834	7	580	next	miss	0
20114	108	Sound	21; 0; UN_0; sounds//oval.wav	21	0	UN_0	1840010	670	1	n/a	n/a	670	n/a	hit	213
20114	108	Response	21	n/a	n/a	n/a	1848539	9198	1	n/a	n/a	n/a	n/a	n/a	n/a
20114	110	Picture	trial_start	trial_start	n/a	n/a	1870006	0	2	668	8	0	next	other	0
20114	110	Picture	22; 50; No; pictures//target//balloon.jpeg	22	50	No	1870674	668	7	24834	7	580	next	miss	0
20114	110	Sound	22; 0; No; sounds//empty.wav	22	0	No	1870676	670	2	n/a	n/a	670	n/a	hit	217
20114	110	Response	21	n/a	n/a	n/a	1880629	10622	2	n/a	n/a	n/a	n/a	n/a	n/a
20114	112	Picture	trial_start	trial_start	n/a	n/a	1900674	0	1	2667	7	0	next	other	0
20114	112	Sound	23; 25; UN_200; sounds//sheet.wav	23	25	UN_200	1901344	670	2	n/a	n/a	670	n/a	hit	221
20114	112	Picture	23; 20; UN_200; pictures//target//oven.jpg	23	20	UN_200	1903341	2667	7	22833	7	2580	next	miss	0
20114	112	Response	21	n/a	n/a	n/a	1912657	11983	1	n/a	n/a	n/a	n/a	n/a	n/a
20114	114	Picture	trial_start	trial_start	n/a	n/a	1931341	0	1	667	7	0	next	other	0
20114	114	Picture	24; 10; UN_0; pictures//nontarget//leg.jpg	24	10	UN_0	1932008	667	7	30334	7	580	next	miss	0
20114	114	Sound	24; 0; UN_0; sounds//gap.wav	24	0	UN_0	1932011	670	2	n/a	n/a	670	n/a	hit	225
20114	114	Response	11	n/a	n/a	n/a	1943807	12465	1	n/a	n/a	n/a	n/a	n/a	n/a
20114	116	Picture	trial_start	trial_start	n/a	n/a	1967508	0	1	667	7	0	next	other	0
20114	116	Picture	25; 50; No; pictures//nontarget//pearl.jpeg	25	50	No	1968175	667	7	24833	7	580	next	miss	0
20114	116	Sound	25; 0; No; sounds//empty.wav	25	0	No	1968178	670	2	n/a	n/a	670	n/a	hit	229
20114	116	Response	11	n/a	n/a	n/a	1985025	17517	1	n/a	n/a	n/a	n/a	n/a	n/a
20114	118	Picture	trial_start	trial_start	n/a	n/a	1998175	0	1	2667	7	0	next	other	0
20114	118	Sound	26; 45; C; sounds//beard.wav	26	45	C	1998845	670	2	n/a	n/a	670	n/a	hit	233
20114	118	Picture	26; 40; C; pictures//nontarget//mustache.png	26	40	C	2000842	2667	7	24167	7	2580	next	miss	0
20114	118	Response	11	n/a	n/a	n/a	2009261	11086	1	n/a	n/a	n/a	n/a	n/a	n/a
20114	120	Picture	trial_start	trial_start	n/a	n/a	2030175	0	1	667	7	0	next	other	0
20114	120	Picture	27; 10; UN_0; pictures//target//apron.jpg	27	10	UN_0	2030842	667	7	25167	7	580	next	miss	0
20114	120	Sound	27; 0; UN_0; sounds//layer.wav	27	0	UN_0	2030845	670	2	n/a	n/a	670	n/a	hit	237
20114	120	Response	21	n/a	n/a	n/a	2040024	9849	1	n/a	n/a	n/a	n/a	n/a	n/a
20114	122	Picture	trial_start	trial_start	n/a	n/a	2061175	0	1	2667	7	0	next	other	0
20114	122	Sound	28; 25; UN_200; sounds//energy.wav	28	25	UN_200	2061845	670	2	n/a	n/a	670	n/a	hit	241
20114	122	Picture	28; 20; UN_200; pictures//nontarget//lava.png	28	20	UN_200	2063842	2667	7	22833	7	2580	next	miss	0
20114	122	Response	11	n/a	n/a	n/a	2078455	17280	2	n/a	n/a	n/a	n/a	n/a	n/a
20114	124	Picture	trial_start	trial_start	n/a	n/a	2091842	0	1	667	7	0	next	other	0
20114	124	Picture	29; 50; No; pictures//nontarget//football.jpeg	29	50	No	2092509	667	7	25000	7	580	next	miss	0
20114	124	Sound	29; 0; No; sounds//empty.wav	29	0	No	2092512	670	2	n/a	n/a	670	n/a	hit	245
20114	124	Response	11	n/a	n/a	n/a	2100873	9030	1	n/a	n/a	n/a	n/a	n/a	n/a
20114	126	Picture	trial_start	trial_start	n/a	n/a	2122676	0	1	2667	7	0	next	other	0
20114	126	Sound	30; 45; C; sounds//chips.wav	30	45	C	2123346	670	1	n/a	n/a	670	n/a	hit	249
20114	126	Picture	30; 40; C; pictures//target//popcorn.jpg	30	40	C	2125343	2667	7	22500	13	2580	next	miss	0
20114	126	Response	21	n/a	n/a	n/a	2132362	9686	1	n/a	n/a	n/a	n/a	n/a	n/a
20114	127	Picture	0;222;blockend	0	222	blockend	2147843	0	7	167	13	0	next	other	0
20114	128	Picture	0;111;blockstart	0	111	blockstart	2148009	0	7	167	7	0	next	other	0
20114	129	Picture	block_tar_pic	block_tar_pic	n/a	n/a	2148176	0	1	52333	1	0	next	other	0
20114	129	Sound	block_tar_sound	block_tar_sound	n/a	n/a	2148183	6	1	n/a	n/a	0	n/a	other	0
20114	131	Picture	trial_start	trial_start	n/a	n/a	2205676	0	1	667	7	0	next	other	0
20114	131	Picture	1; 10; UN_0; pictures//target//corn.png	1	10	UN_0	2206343	667	7	25000	7	580	next	miss	0
20114	131	Sound	1; 0; UN_0; sounds//fallacy.wav	1	0	UN_0	2206347	670	2	n/a	n/a	670	n/a	hit	257
20114	131	Response	21	n/a	n/a	n/a	2212990	7314	1	n/a	n/a	n/a	n/a	n/a	n/a
20114	133	Picture	trial_start	trial_start	n/a	n/a	2236510	0	1	2667	7	0	next	other	0
20114	133	Sound	2; 25; UN_200; sounds//card.wav	2	25	UN_200	2237180	670	2	n/a	n/a	670	n/a	hit	261
20114	133	Picture	2; 20; UN_200; pictures//nontarget//egg.jpg	2	20	UN_200	2239177	2667	7	23667	7	2580	next	miss	0
20114	133	Response	11	n/a	n/a	n/a	2246530	10020	1	n/a	n/a	n/a	n/a	n/a	n/a
20114	135	Picture	trial_start	trial_start	n/a	n/a	2268010	0	1	667	7	0	next	other	0
20114	135	Picture	3; 30; P; pictures//nontarget//crab.jpg	3	30	P	2268677	667	7	24834	7	580	next	miss	0
20114	135	Sound	3; 0; P; sounds//craft.wav	3	0	P	2268680	670	2	n/a	n/a	670	n/a	hit	265
20114	135	Response	11	n/a	n/a	n/a	2275321	7310	1	n/a	n/a	n/a	n/a	n/a	n/a
20114	137	Picture	trial_start	trial_start	n/a	n/a	2298677	0	1	667	7	0	next	other	0
20114	137	Picture	4; 30; P; pictures//target//clown.jpg	4	30	P	2299344	667	7	27334	7	580	next	miss	0
20114	137	Sound	4; 0; P; sounds//cloud.wav	4	0	P	2299347	670	1	n/a	n/a	670	n/a	hit	269
20114	137	Response	21	n/a	n/a	n/a	2306098	7421	1	n/a	n/a	n/a	n/a	n/a	n/a
20114	139	Picture	trial_start	trial_start	n/a	n/a	2331844	0	1	667	7	0	next	other	0
20114	139	Picture	5; 50; No; pictures//target//train.jpeg	5	50	No	2332511	667	7	25667	7	580	next	miss	0
20114	139	Sound	5; 0; No; sounds//empty.wav	5	0	No	2332514	670	2	n/a	n/a	670	n/a	hit	273
20114	139	Response	21	n/a	n/a	n/a	2339648	7804	1	n/a	n/a	n/a	n/a	n/a	n/a
20114	141	Picture	trial_start	trial_start	n/a	n/a	2363344	0	1	2667	7	0	next	other	0
20114	141	Sound	6; 45; C; sounds//walnut.wav	6	45	C	2364014	670	2	n/a	n/a	670	n/a	hit	277
20114	141	Picture	6; 40; C; pictures//target//acorn.jpg	6	40	C	2366011	2667	7	22834	7	2580	next	miss	0
20114	141	Response	21	n/a	n/a	n/a	2371757	8413	1	n/a	n/a	n/a	n/a	n/a	n/a
20114	143	Picture	trial_start	trial_start	n/a	n/a	2394011	0	1	2667	7	0	next	other	0
20114	143	Sound	7; 25; UN_200; sounds//pillow.wav	7	25	UN_200	2394681	670	2	n/a	n/a	670	n/a	hit	281
20114	143	Picture	7; 20; UN_200; pictures//target//brain.jpg	7	20	UN_200	2396678	2667	7	22833	7	2580	next	miss	0
20114	143	Response	21	n/a	n/a	n/a	2403827	9816	1	n/a	n/a	n/a	n/a	n/a	n/a
20114	145	Picture	trial_start	trial_start	n/a	n/a	2424678	0	1	667	7	0	next	other	0
20114	145	Picture	8; 30; P; pictures//nontarget//drum.png	8	30	P	2425345	667	7	25000	7	580	next	miss	0
20114	145	Sound	8; 0; P; sounds//drug.wav	8	0	P	2425348	670	2	n/a	n/a	670	n/a	hit	285
20114	145	Response	11	n/a	n/a	n/a	2434507	9829	2	n/a	n/a	n/a	n/a	n/a	n/a
20114	147	Picture	trial_start	trial_start	n/a	n/a	2455512	0	1	667	7	0	next	other	0
20114	147	Picture	9; 50; No; pictures//nontarget//wheel.jpeg	9	50	No	2456178	667	7	25667	7	580	next	miss	0
20114	147	Sound	9; 0; No; sounds//empty.wav	9	0	No	2456182	670	2	n/a	n/a	670	n/a	hit	289
20114	147	Response	11	n/a	n/a	n/a	2464155	8643	1	n/a	n/a	n/a	n/a	n/a	n/a
20114	149	Picture	trial_start	trial_start	n/a	n/a	2487012	0	1	2667	7	0	next	other	0
20114	149	Sound	10; 45; C; sounds//tea.wav	10	45	C	2487682	670	1	n/a	n/a	670	n/a	hit	293
20114	149	Picture	10; 40; C; pictures//nontarget//coffee.jpg	10	40	C	2489679	2667	7	23833	7	2580	next	miss	0
20114	149	Response	11	n/a	n/a	n/a	2498785	11773	1	n/a	n/a	n/a	n/a	n/a	n/a
20114	151	Picture	trial_start	trial_start	n/a	n/a	2518679	0	1	667	7	0	next	other	0
20114	151	Picture	11; 30; P; pictures//target//cannon.jpg	11	30	P	2519345	667	7	24834	7	580	next	miss	0
20114	151	Sound	11; 0; P; sounds//candidate.wav	11	0	P	2519349	670	2	n/a	n/a	670	n/a	hit	297
20114	151	Response	21	n/a	n/a	n/a	2526434	7755	1	n/a	n/a	n/a	n/a	n/a	n/a
20114	153	Picture	trial_start	trial_start	n/a	n/a	2549346	0	1	667	7	0	next	other	0
20114	153	Picture	12; 10; UN_0; pictures//nontarget//sponge.jpg	12	10	UN_0	2550012	667	7	28167	7	580	next	miss	0
20114	153	Sound	12; 0; UN_0; sounds//costume.wav	12	0	UN_0	2550016	670	1	n/a	n/a	670	n/a	hit	301
20114	153	Response	11	n/a	n/a	n/a	2557734	8388	1	n/a	n/a	n/a	n/a	n/a	n/a
20114	155	Picture	trial_start	trial_start	n/a	n/a	2583346	0	1	667	7	0	next	other	0
20114	155	Picture	13; 50; No; pictures//target//pen.jpeg	13	50	No	2584012	667	7	25667	7	580	next	miss	0
20114	155	Sound	13; 0; No; sounds//empty.wav	13	0	No	2584016	670	2	n/a	n/a	670	n/a	hit	305
20114	155	Response	21	n/a	n/a	n/a	2603982	20636	1	n/a	n/a	n/a	n/a	n/a	n/a
20114	157	Picture	trial_start	trial_start	n/a	n/a	2614846	0	1	2667	7	0	next	other	0
20114	157	Sound	14; 25; UN_200; sounds//orthodox.wav	14	25	UN_200	2615516	670	2	n/a	n/a	670	n/a	hit	309
20114	157	Picture	14; 20; UN_200; pictures//target//spoon.jpg	14	20	UN_200	2617513	2667	7	23833	7	2580	next	miss	0
20114	157	Response	21	n/a	n/a	n/a	2624872	10026	1	n/a	n/a	n/a	n/a	n/a	n/a
20114	159	Picture	trial_start	trial_start	n/a	n/a	2646513	0	1	667	7	0	next	other	0
20114	159	Picture	15; 30; P; pictures//target//lemon.jpg	15	30	P	2647180	667	7	25000	7	580	next	miss	0
20114	159	Sound	15; 0; P; sounds//legend.wav	15	0	P	2647183	670	2	n/a	n/a	670	n/a	hit	313
20114	159	Response	21	n/a	n/a	n/a	2654681	8168	1	n/a	n/a	n/a	n/a	n/a	n/a
20114	161	Picture	trial_start	trial_start	n/a	n/a	2677347	0	1	667	7	0	next	other	0
20114	161	Picture	16; 30; P; pictures//nontarget//cup.jpg	16	30	P	2678013	667	7	25667	7	580	next	miss	0
20114	161	Sound	16; 0; P; sounds//custom.wav	16	0	P	2678017	670	2	n/a	n/a	670	n/a	hit	317
20114	161	Response	11	n/a	n/a	n/a	2685121	7774	1	n/a	n/a	n/a	n/a	n/a	n/a
20114	163	Picture	trial_start	trial_start	n/a	n/a	2708847	0	1	2667	7	0	next	other	0
20114	163	Sound	17; 45; C; sounds//shampoo.wav	17	45	C	2709517	670	1	n/a	n/a	670	n/a	hit	321
20114	163	Picture	17; 40; C; pictures//nontarget//soap.jpg	17	40	C	2711513	2667	7	23667	7	2580	next	miss	0
20114	163	Response	11	n/a	n/a	n/a	2719690	10844	1	n/a	n/a	n/a	n/a	n/a	n/a
20114	165	Picture	trial_start	trial_start	n/a	n/a	2740347	0	1	2667	7	0	next	other	0
20114	165	Sound	18; 45; C; sounds//ham.wav	18	45	C	2741017	670	2	n/a	n/a	670	n/a	incorrect	325
20114	165	Picture	18; 40; C; pictures//target//bacon.jpg	18	40	C	2743014	2667	7	23000	7	2580	next	hit	326
20114	165	Response	1	n/a	n/a	n/a	2752500	12152	1	n/a	n/a	n/a	n/a	n/a	n/a
20114	165	Response	21	n/a	n/a	n/a	2757590	17242	1	n/a	n/a	n/a	n/a	n/a	n/a
20114	167	Picture	trial_start	trial_start	n/a	n/a	2771181	0	1	667	7	0	next	other	0
20114	167	Picture	19; 10; UN_0; pictures//nontarget//window.jpg	19	10	UN_0	2771847	667	7	27333	7	580	next	hit	331
20114	167	Sound	19; 0; UN_0; sounds//flood.wav	19	0	UN_0	2771851	670	2	n/a	n/a	670	n/a	incorrect	330
20114	167	Response	2	n/a	n/a	n/a	2780820	9639	2	n/a	n/a	n/a	n/a	n/a	n/a
20114	167	Response	11	n/a	n/a	n/a	2782720	11539	2	n/a	n/a	n/a	n/a	n/a	n/a
20114	169	Picture	trial_start	trial_start	n/a	n/a	2804347	0	1	667	7	0	next	other	0
20114	169	Picture	20; 50; No; pictures//nontarget//alligator.jpeg	20	50	No	2805014	667	7	26000	7	580	next	miss	0
20114	169	Sound	20; 0; No; sounds//empty.wav	20	0	No	2805017	670	3	n/a	n/a	670	n/a	hit	335
20114	169	Response	11	n/a	n/a	n/a	2815229	10882	1	n/a	n/a	n/a	n/a	n/a	n/a
20114	171	Picture	trial_start	trial_start	n/a	n/a	2836181	0	1	2667	7	0	next	other	0
20114	171	Sound	21; 45; C; sounds//blower.wav	21	45	C	2836851	670	1	n/a	n/a	670	n/a	incorrect	339
20114	171	Picture	21; 40; C; pictures//target//fan.jpg	21	40	C	2838848	2667	7	24000	7	2580	next	miss	0
20114	171	Response	1	n/a	n/a	n/a	2846748	10567	1	n/a	n/a	n/a	n/a	n/a	n/a
20114	173	Picture	trial_start	trial_start	n/a	n/a	2868015	0	1	2667	7	0	next	other	0
20114	173	Sound	22; 45; C; sounds//fungus.wav	22	45	C	2868685	670	2	n/a	n/a	670	n/a	hit	343
20114	173	Picture	22; 40; C; pictures//nontarget//mushroom.jpg	22	40	C	2870681	2667	7	23834	7	2580	next	miss	0
20114	173	Response	11	n/a	n/a	n/a	2878927	10913	1	n/a	n/a	n/a	n/a	n/a	n/a
20114	175	Picture	trial_start	trial_start	n/a	n/a	2899681	0	1	667	7	0	next	other	0
20114	175	Picture	23; 10; UN_0; pictures//target//violin.jpg	23	10	UN_0	2900348	667	7	25000	7	580	next	miss	0
20114	175	Sound	23; 0; UN_0; sounds//site.wav	23	0	UN_0	2900352	670	2	n/a	n/a	670	n/a	hit	347
20114	175	Response	21	n/a	n/a	n/a	2911356	11675	1	n/a	n/a	n/a	n/a	n/a	n/a
20114	177	Picture	trial_start	trial_start	n/a	n/a	2930515	0	1	2667	7	0	next	other	0
20114	177	Sound	24; 25; UN_200; sounds//bill.wav	24	25	UN_200	2931185	670	2	n/a	n/a	670	n/a	hit	351
20114	177	Picture	24; 20; UN_200; pictures//nontarget//mousetrap.jpg	24	20	UN_200	2933182	2667	7	25333	7	2580	next	miss	0
20114	177	Response	11	n/a	n/a	n/a	2939376	8861	1	n/a	n/a	n/a	n/a	n/a	n/a
20114	179	Picture	trial_start	trial_start	n/a	n/a	2963682	0	1	667	7	0	next	other	0
20114	179	Picture	25; 50; No; pictures//target//lion.jpeg	25	50	No	2964349	667	7	24833	7	580	next	miss	0
20114	179	Sound	25; 0; No; sounds//empty.wav	25	0	No	2964352	670	1	n/a	n/a	670	n/a	hit	355
20114	179	Response	21	n/a	n/a	n/a	2972045	8363	1	n/a	n/a	n/a	n/a	n/a	n/a
20114	181	Picture	trial_start	trial_start	n/a	n/a	2994349	0	1	2667	7	0	next	other	0
20114	181	Sound	26; 25; UN_200; sounds//college.wav	26	25	UN_200	2995019	670	1	n/a	n/a	670	n/a	hit	359
20114	181	Picture	26; 20; UN_200; pictures//nontarget//blueberry.jpg	26	20	UN_200	2997015	2667	7	23000	7	2580	next	miss	0
20114	181	Response	11	n/a	n/a	n/a	3003215	8866	1	n/a	n/a	n/a	n/a	n/a	n/a
20114	183	Picture	trial_start	trial_start	n/a	n/a	3025182	0	1	667	7	0	next	other	0
20114	183	Picture	27; 10; UN_0; pictures//nontarget//mummy.png	27	10	UN_0	3025849	667	7	24834	7	580	next	miss	0
20114	183	Sound	27; 0; UN_0; sounds//skill.wav	27	0	UN_0	3025853	670	2	n/a	n/a	670	n/a	hit	363
20114	183	Response	11	n/a	n/a	n/a	3034595	9413	1	n/a	n/a	n/a	n/a	n/a	n/a
20114	185	Picture	trial_start	trial_start	n/a	n/a	3055849	0	1	667	7	0	next	other	0
20114	185	Picture	28; 10; UN_0; pictures//target//horn.png	28	10	UN_0	3056516	667	7	24667	7	580	next	miss	0
20114	185	Sound	28; 0; UN_0; sounds//savior.wav	28	0	UN_0	3056519	670	1	n/a	n/a	670	n/a	hit	367
20114	185	Response	21	n/a	n/a	n/a	3063343	7494	1	n/a	n/a	n/a	n/a	n/a	n/a
20114	187	Picture	trial_start	trial_start	n/a	n/a	3086349	0	1	667	7	0	next	other	0
20114	187	Picture	29; 50; No; pictures//nontarget//pacifier.jpeg	29	50	No	3087016	667	7	26000	7	580	next	miss	0
20114	187	Sound	29; 0; No; sounds//empty.wav	29	0	No	3087020	670	2	n/a	n/a	670	n/a	hit	371
20114	187	Response	11	n/a	n/a	n/a	3097412	11063	1	n/a	n/a	n/a	n/a	n/a	n/a
20114	189	Picture	trial_start	trial_start	n/a	n/a	3118183	0	1	2667	7	0	next	other	0
20114	189	Sound	30; 25; UN_200; sounds//curve.wav	30	25	UN_200	3118853	670	2	n/a	n/a	670	n/a	hit	375
20114	189	Picture	30; 20; UN_200; pictures//target//Onion.jpg	30	20	UN_200	3120850	2667	7	22500	13	2580	next	miss	0
20114	189	Response	21	n/a	n/a	n/a	3128833	10649	2	n/a	n/a	n/a	n/a	n/a	n/a
20114	190	Picture	0;222;blockend	0	222	blockend	3143350	0	7	167	13	0	next	other	0
20114	191	Picture	0;111;blockstart	0	111	blockstart	3143517	0	7	167	7	0	next	other	0
20114	192	Picture	block_tar_pic	block_tar_pic	n/a	n/a	3143683	0	1	50667	1	0	next	other	0
20114	192	Sound	block_tar_sound	block_tar_sound	n/a	n/a	3143690	6	1	n/a	n/a	0	n/a	other	0
20114	194	Picture	trial_start	trial_start	n/a	n/a	3199517	0	1	2667	7	0	next	other	0
20114	194	Sound	1; 45; C; sounds//window.wav	1	45	C	3200187	670	1	n/a	n/a	670	n/a	hit	383
20114	194	Picture	1; 40; C; pictures//target//door.jpg	1	40	C	3202184	2667	7	22834	7	2580	next	miss	0
20114	194	Response	21	n/a	n/a	n/a	3217491	17974	1	n/a	n/a	n/a	n/a	n/a	n/a
20114	196	Picture	trial_start	trial_start	n/a	n/a	3230184	0	1	667	7	0	next	other	0
20114	196	Picture	2; 30; P; pictures//nontarget//asparagus.jpg	2	30	P	3230851	667	7	24834	7	580	next	miss	0
20114	196	Sound	2; 0; P; sounds//ascent.wav	2	0	P	3230854	670	3	n/a	n/a	670	n/a	hit	387
20114	196	Response	11	n/a	n/a	n/a	3239411	9228	1	n/a	n/a	n/a	n/a	n/a	n/a
20114	198	Picture	trial_start	trial_start	n/a	n/a	3260851	0	1	2667	7	0	next	other	0
20114	198	Sound	3; 25; UN_200; sounds//ego.wav	3	25	UN_200	3261521	670	1	n/a	n/a	670	n/a	hit	391
20114	198	Picture	3; 20; UN_200; pictures//target//paper.jpg	3	20	UN_200	3263517	2667	7	22667	7	2580	next	miss	0
20114	198	Response	21	n/a	n/a	n/a	3273089	12239	1	n/a	n/a	n/a	n/a	n/a	n/a
20114	200	Picture	trial_start	trial_start	n/a	n/a	3291351	0	1	667	7	0	next	other	0
20114	200	Picture	4; 50; No; pictures//nontarget//lollipop.jpeg	4	50	No	3292018	667	7	24833	7	580	next	miss	0
20114	200	Sound	4; 0; No; sounds//empty.wav	4	0	No	3292021	670	2	n/a	n/a	670	n/a	hit	395
20114	200	Response	11	n/a	n/a	n/a	3298088	6737	1	n/a	n/a	n/a	n/a	n/a	n/a
20114	202	Picture	trial_start	trial_start	n/a	n/a	3322018	0	1	2667	7	0	next	other	0
20114	202	Sound	5; 45; C; sounds//lamp.wav	5	45	C	3322688	670	2	n/a	n/a	670	n/a	hit	399
20114	202	Picture	5; 40; C; pictures//target//chandelier.jpg	5	40	C	3324685	2667	7	22833	7	2580	next	miss	0
20114	202	Response	21	n/a	n/a	n/a	3341657	19639	1	n/a	n/a	n/a	n/a	n/a	n/a
20114	204	Picture	trial_start	trial_start	n/a	n/a	3352685	0	1	667	7	0	next	other	0
20114	204	Picture	6; 30; P; pictures//target//binder.jpg	6	30	P	3353352	667	7	24833	7	580	next	miss	0
20114	204	Sound	6; 0; P; sounds//bias.wav	6	0	P	3353355	670	2	n/a	n/a	670	n/a	hit	403
20114	204	Response	21	n/a	n/a	n/a	3361208	8523	1	n/a	n/a	n/a	n/a	n/a	n/a
20114	206	Picture	trial_start	trial_start	n/a	n/a	3383352	0	1	2667	7	0	next	other	0
20114	206	Sound	7; 25; UN_200; sounds//trait.wav	7	25	UN_200	3384022	670	2	n/a	n/a	670	n/a	hit	407
20114	206	Picture	7; 20; UN_200; pictures//nontarget//cookie.jpeg	7	20	UN_200	3386018	2667	7	22834	7	2580	next	miss	0
20114	206	Response	11	n/a	n/a	n/a	3393279	9927	1	n/a	n/a	n/a	n/a	n/a	n/a
20114	208	Picture	trial_start	trial_start	n/a	n/a	3414019	0	1	2667	7	0	next	other	0
20114	208	Sound	8; 25; UN_200; sounds//giant.wav	8	25	UN_200	3414689	670	2	n/a	n/a	670	n/a	hit	411
20114	208	Picture	8; 20; UN_200; pictures//nontarget//eye.png	8	20	UN_200	3416685	2667	7	23667	7	2580	next	miss	0
20114	208	Response	11	n/a	n/a	n/a	3424277	10258	1	n/a	n/a	n/a	n/a	n/a	n/a
20114	210	Picture	trial_start	trial_start	n/a	n/a	3445519	0	1	667	7	0	next	other	0
20114	210	Picture	9; 30; P; pictures//target//ladder.jpg	9	30	P	3446185	667	7	24833	7	580	next	miss	0
20114	210	Sound	9; 0; P; sounds//lactose.wav	9	0	P	3446189	670	2	n/a	n/a	670	n/a	hit	415
20114	210	Response	21	n/a	n/a	n/a	3456695	11177	1	n/a	n/a	n/a	n/a	n/a	n/a
20114	212	Picture	trial_start	trial_start	n/a	n/a	3476186	0	1	667	7	0	next	other	0
20114	212	Picture	10; 50; No; pictures//target//speaker.jpeg	10	50	No	3476852	667	7	25834	7	580	next	miss	0
20114	212	Sound	10; 0; No; sounds//empty.wav	10	0	No	3476856	670	2	n/a	n/a	670	n/a	hit	419
20114	212	Response	21	n/a	n/a	n/a	3488286	12100	1	n/a	n/a	n/a	n/a	n/a	n/a
20114	214	Picture	trial_start	trial_start	n/a	n/a	3507853	0	1	667	7	0	next	other	0
20114	214	Picture	11; 30; P; pictures//target//Anchor.jpg	11	30	P	3508519	667	7	25833	7	580	next	miss	0
20114	214	Sound	11; 0; P; sounds//angle.wav	11	0	P	3508523	670	2	n/a	n/a	670	n/a	hit	423
20114	214	Response	21	n/a	n/a	n/a	3515085	7232	1	n/a	n/a	n/a	n/a	n/a	n/a
20114	216	Picture	trial_start	trial_start	n/a	n/a	3539519	0	1	667	7	0	next	other	0
20114	216	Picture	12; 10; UN_0; pictures//nontarget//key.jpg	12	10	UN_0	3540186	667	7	25834	7	580	next	miss	0
20114	216	Sound	12; 0; UN_0; sounds//blog.wav	12	0	UN_0	3540189	670	2	n/a	n/a	670	n/a	hit	427
20114	216	Response	11	n/a	n/a	n/a	3547734	8215	1	n/a	n/a	n/a	n/a	n/a	n/a
20114	218	Picture	trial_start	trial_start	n/a	n/a	3571186	0	1	2667	7	0	next	other	0
20114	218	Sound	13; 25; UN_200; sounds//rabbit.wav	13	25	UN_200	3571856	670	2	n/a	n/a	670	n/a	hit	431
20114	218	Picture	13; 20; UN_200; pictures//target//stapler.jpg	13	20	UN_200	3573853	2667	7	22667	7	2580	next	miss	0
20114	218	Response	21	n/a	n/a	n/a	3581644	10457	1	n/a	n/a	n/a	n/a	n/a	n/a
20114	220	Picture	trial_start	trial_start	n/a	n/a	3601687	0	1	667	7	0	next	other	0
20114	220	Picture	14; 10; UN_0; pictures//nontarget//tomato.jpeg	14	10	UN_0	3602353	667	7	24833	7	580	next	miss	0
20114	220	Sound	14; 0; UN_0; sounds//cousin.wav	14	0	UN_0	3602357	670	2	n/a	n/a	670	n/a	hit	435
20114	220	Response	11	n/a	n/a	n/a	3612883	11196	1	n/a	n/a	n/a	n/a	n/a	n/a
20114	222	Picture	trial_start	trial_start	n/a	n/a	3632353	0	1	667	7	0	next	other	0
20114	222	Picture	15; 50; No; pictures//target//printer.jpeg	15	50	No	3633020	667	7	25333	7	580	next	miss	0
20114	222	Sound	15; 0; No; sounds//empty.wav	15	0	No	3633023	670	1	n/a	n/a	670	n/a	hit	439
20114	222	Response	21	n/a	n/a	n/a	3640442	8089	1	n/a	n/a	n/a	n/a	n/a	n/a
20114	224	Picture	trial_start	trial_start	n/a	n/a	3663520	0	1	667	7	0	next	other	0
20114	224	Picture	16; 30; P; pictures//nontarget//peach.png	16	30	P	3664187	667	7	25000	7	580	next	miss	0
20114	224	Sound	16; 0; P; sounds//peak.wav	16	0	P	3664191	671	2	n/a	n/a	670	n/a	hit	443
20114	224	Response	11	n/a	n/a	n/a	3672762	9241	1	n/a	n/a	n/a	n/a	n/a	n/a
20114	226	Picture	trial_start	trial_start	n/a	n/a	3694354	0	1	2667	7	0	next	other	0
20114	226	Sound	17; 25; UN_200; sounds//glance.wav	17	25	UN_200	3695024	670	2	n/a	n/a	670	n/a	hit	447
20114	226	Picture	17; 20; UN_200; pictures//target//elevator.jpeg	17	20	UN_200	3697021	2667	7	25833	7	2580	next	miss	0
20114	226	Response	21	n/a	n/a	n/a	3705551	11197	1	n/a	n/a	n/a	n/a	n/a	n/a
20114	228	Picture	trial_start	trial_start	n/a	n/a	3728021	0	1	2667	7	0	next	other	0
20114	228	Sound	18; 45; C; sounds//fly.wav	18	45	C	3728691	670	2	n/a	n/a	670	n/a	hit	451
20114	228	Picture	18; 40; C; pictures//nontarget//bee.jpg	18	40	C	3730687	2667	7	23333	7	2580	next	miss	0
20114	228	Response	11	n/a	n/a	n/a	3738460	10439	1	n/a	n/a	n/a	n/a	n/a	n/a
20114	230	Picture	trial_start	trial_start	n/a	n/a	3759188	0	1	667	7	0	next	other	0
20114	230	Picture	19; 30; P; pictures//nontarget//grass.jpg	19	30	P	3759854	667	7	25833	7	580	next	miss	0
20114	230	Sound	19; 0; P; sounds//gram.wav	19	0	P	3759858	670	2	n/a	n/a	670	n/a	hit	455
20114	230	Response	11	n/a	n/a	n/a	3769730	10542	1	n/a	n/a	n/a	n/a	n/a	n/a
20114	232	Picture	trial_start	trial_start	n/a	n/a	3790855	0	1	667	7	0	next	other	0
20114	232	Picture	20; 10; UN_0; pictures//target//hammer.jpg	20	10	UN_0	3791521	667	7	28500	7	580	next	miss	0
20114	232	Sound	20; 0; UN_0; sounds//logic.wav	20	0	UN_0	3791525	670	2	n/a	n/a	670	n/a	hit	459
20114	232	Response	21	n/a	n/a	n/a	3798378	7524	1	n/a	n/a	n/a	n/a	n/a	n/a
20114	234	Picture	trial_start	trial_start	n/a	n/a	3825188	0	1	667	7	0	next	other	0
20114	234	Picture	21; 50; No; pictures//target//sweater.jpeg	21	50	No	3825855	667	7	25834	7	580	next	miss	0
20114	234	Sound	21; 0; No; sounds//empty.wav	21	0	No	3825858	670	2	n/a	n/a	670	n/a	hit	463
20114	234	Response	21	n/a	n/a	n/a	3833149	7960	1	n/a	n/a	n/a	n/a	n/a	n/a
20114	236	Picture	trial_start	trial_start	n/a	n/a	3856855	0	1	2666	8	0	next	other	0
20114	236	Sound	22; 45; C; sounds//buffalo.wav	22	45	C	3857525	670	1	n/a	n/a	670	n/a	hit	467
20114	236	Picture	22; 40; C; pictures//nontarget//cow.jpg	22	40	C	3859521	2666	8	22834	8	2580	next	miss	0
20114	236	Response	11	n/a	n/a	n/a	3866238	9383	1	n/a	n/a	n/a	n/a	n/a	n/a
20114	238	Picture	trial_start	trial_start	n/a	n/a	3887522	0	1	667	7	0	next	other	0
20114	238	Picture	23; 10; UN_0; pictures//target//razor.jpg	23	10	UN_0	3888189	667	7	24834	7	580	next	miss	0
20114	238	Sound	23; 0; UN_0; sounds//balance.wav	23	0	UN_0	3888192	670	2	n/a	n/a	670	n/a	hit	471
20114	238	Response	21	n/a	n/a	n/a	3896387	8865	1	n/a	n/a	n/a	n/a	n/a	n/a
20114	240	Picture	trial_start	trial_start	n/a	n/a	3918189	0	1	2667	7	0	next	other	0
20114	240	Sound	24; 45; C; sounds//cat.wav	24	45	C	3918859	670	3	n/a	n/a	670	n/a	hit	475
20114	240	Picture	24; 40; C; pictures//target//tiger.jpg	24	40	C	3920855	2667	7	23500	7	2580	next	miss	0
20114	240	Response	21	n/a	n/a	n/a	3932848	14659	1	n/a	n/a	n/a	n/a	n/a	n/a
20114	242	Picture	trial_start	trial_start	n/a	n/a	3949522	0	1	667	7	0	next	other	0
20114	242	Picture	25; 50; No; pictures//nontarget//crown.jpeg	25	50	No	3950189	667	7	25834	7	580	next	miss	0
20114	242	Sound	25; 0; No; sounds//empty.wav	25	0	No	3950192	670	2	n/a	n/a	670	n/a	hit	479
20114	242	Response	11	n/a	n/a	n/a	3957786	8264	1	n/a	n/a	n/a	n/a	n/a	n/a
20114	244	Picture	trial_start	trial_start	n/a	n/a	3981189	0	1	2667	7	0	next	other	0
20114	244	Sound	26; 45; C; sounds//horse.wav	26	45	C	3981859	670	2	n/a	n/a	670	n/a	hit	483
20114	244	Picture	26; 40; C; pictures//nontarget//zebra.jpg	26	40	C	3983856	2667	7	23000	8	2580	next	miss	0
20114	244	Response	11	n/a	n/a	n/a	3992545	11356	1	n/a	n/a	n/a	n/a	n/a	n/a
20114	246	Picture	trial_start	trial_start	n/a	n/a	4012023	0	1	667	7	0	next	other	0
20114	246	Picture	27; 10; UN_0; pictures//nontarget//vacuum.png	27	10	UN_0	4012690	667	7	25667	7	580	next	miss	0
20114	246	Sound	27; 0; UN_0; sounds//school.wav	27	0	UN_0	4012693	670	2	n/a	n/a	670	n/a	hit	487
20114	246	Response	11	n/a	n/a	n/a	4024605	12582	1	n/a	n/a	n/a	n/a	n/a	n/a
20114	248	Picture	trial_start	trial_start	n/a	n/a	4043523	0	1	2667	7	0	next	other	0
20114	248	Sound	28; 25; UN_200; sounds//law.wav	28	25	UN_200	4044193	670	2	n/a	n/a	670	n/a	hit	491
20114	248	Picture	28; 20; UN_200; pictures//nontarget//teabag.jpg	28	20	UN_200	4046190	2667	7	22833	7	2580	next	miss	0
20114	248	Response	11	n/a	n/a	n/a	4054934	11410	1	n/a	n/a	n/a	n/a	n/a	n/a
20114	250	Picture	trial_start	trial_start	n/a	n/a	4074189	0	1	667	7	0	next	other	0
20114	250	Picture	29; 50; No; pictures//nontarget//gum.jpeg	29	50	No	4074857	667	7	25834	7	580	next	miss	0
20114	250	Sound	29; 0; No; sounds//empty.wav	29	0	No	4074859	670	2	n/a	n/a	670	n/a	hit	495
20114	250	Response	11	n/a	n/a	n/a	4082803	8614	1	n/a	n/a	n/a	n/a	n/a	n/a
20114	252	Picture	trial_start	trial_start	n/a	n/a	4105857	0	1	667	7	0	next	other	0
20114	252	Picture	30; 10; UN_0; pictures//target//eraser.jpg	30	10	UN_0	4106524	667	7	24500	13	580	next	miss	0
20114	252	Sound	30; 0; UN_0; sounds//den.wav	30	0	UN_0	4106527	671	2	n/a	n/a	670	n/a	hit	499
20114	252	Response	21	n/a	n/a	n/a	4114575	8718	1	n/a	n/a	n/a	n/a	n/a	n/a
20114	253	Picture	0;222;blockend	0	222	blockend	4131024	0	7	167	13	0	next	other	0
20114	254	Picture	2; run2_end	2	run2_end	n/a	4131190	0	7	210004	7	0	next	other	0
20114	254	Response	0	n/a	n/a	n/a	4333203	202012	1	n/a	n/a	n/a	n/a	n/a	n/a
n/a	n/a	n/a	n/a	n/a	n/a	n/a	n/a	n/a	n/a	n/a	n/a	n/a	n/a	n/a	n/a
n/a	n/a	n/a	n/a	n/a	n/a	n/a	n/a	n/a	n/a	n/a	n/a	n/a	n/a	n/a	n/a
Event Type	Code	Type	Response	RT	RT Uncertainty	Time	Uncertainty	Duration	Uncertainty	ReqTime	ReqDur	n/a	n/a	n/a	n/a
n/a	n/a	n/a	n/a	n/a	n/a	n/a	n/a	n/a	n/a	n/a	n/a	n/a	n/a	n/a	n/a
Picture	0;11;localize	other	n/a	n/a	n/a	161	1	175668	7	0	next	n/a	n/a	n/a	n/a
Picture	0;111;blockstart	other	n/a	n/a	n/a	175829	7	167	7	0	next	n/a	n/a	n/a	n/a
Picture	block_tar_pic	other	n/a	n/a	n/a	175995	1	50667	1	0	next	n/a	n/a	n/a	n/a
Sound	block_tar_sound	other	n/a	n/a	n/a	176026	254	n/a	n/a	0	n/a	n/a	n/a	n/a	n/a
Picture	trial_start	other	n/a	n/a	n/a	231829	1	667	7	0	next	n/a	n/a	n/a	n/a
Sound	1; 0; P; sounds//crust.wav	hit	2	11001	2	232499	2	n/a	n/a	670	n/a	n/a	n/a	n/a	n/a
Picture	1; 30; P; pictures//nontarget//crutch.jpg	miss	n/a	n/a	n/a	232496	7	24833	7	580	next	n/a	n/a	n/a	n/a
Picture	trial_start	other	n/a	n/a	n/a	262496	1	2667	7	0	next	n/a	n/a	n/a	n/a
Sound	2; 25; UN_200; sounds//stadium.wav	incorrect	2	8453	2	263166	2	n/a	n/a	670	n/a	n/a	n/a	n/a	n/a
Picture	2; 20; UN_200; pictures//target//tail.jpeg	miss	n/a	n/a	n/a	265163	7	22833	7	2580	next	n/a	n/a	n/a	n/a
Picture	trial_start	other	n/a	n/a	n/a	293163	1	667	7	0	next	n/a	n/a	n/a	n/a
Sound	3; 0; UN_0; sounds//saint.wav	incorrect	3	12355	2	293833	2	n/a	n/a	670	n/a	n/a	n/a	n/a	n/a
Picture	3; 10; UN_0; pictures//nontarget//ashtray.png	miss	n/a	n/a	n/a	293829	7	24834	7	580	next	n/a	n/a	n/a	n/a
Picture	trial_start	other	n/a	n/a	n/a	323829	1	667	7	0	next	n/a	n/a	n/a	n/a
Sound	4; 0; P; sounds//tracer.wav	hit	2	13610	2	324499	2	n/a	n/a	670	n/a	n/a	n/a	n/a	n/a
Picture	4; 30; P; pictures//nontarget//tray.jpeg	miss	n/a	n/a	n/a	324496	7	25167	7	580	next	n/a	n/a	n/a	n/a
Picture	trial_start	other	n/a	n/a	n/a	354830	1	667	7	0	next	n/a	n/a	n/a	n/a
Sound	5; 0; No; sounds//empty.wav	hit	2	15278	3	355500	2	n/a	n/a	670	n/a	n/a	n/a	n/a	n/a
Picture	5; 50; No; pictures//nontarget//ginger.jpeg	miss	n/a	n/a	n/a	355496	7	25500	7	580	next	n/a	n/a	n/a	n/a
Picture	trial_start	other	n/a	n/a	n/a	386163	1	2667	7	0	next	n/a	n/a	n/a	n/a
Sound	6; 45; C; sounds//squid.wav	hit	2	16143	2	386833	2	n/a	n/a	670	n/a	n/a	n/a	n/a	n/a
Picture	6; 40; C; pictures//nontarget//Jellyfish.jpg	miss	n/a	n/a	n/a	388830	7	26167	7	2580	next	n/a	n/a	n/a	n/a
Picture	trial_start	other	n/a	n/a	n/a	420164	1	667	7	0	next	n/a	n/a	n/a	n/a
Sound	7; 0; No; sounds//empty.wav	hit	3	17802	2	420834	2	n/a	n/a	670	n/a	n/a	n/a	n/a	n/a
Picture	7; 50; No; pictures//target//nail.jpeg	miss	n/a	n/a	n/a	420830	7	25667	7	580	next	n/a	n/a	n/a	n/a
Picture	trial_start	other	n/a	n/a	n/a	451664	1	667	7	0	next	n/a	n/a	n/a	n/a
Sound	8; 0; UN_0; sounds//caution.wav	hit	3	15901	2	452334	2	n/a	n/a	670	n/a	n/a	n/a	n/a	n/a
Picture	8; 10; UN_0; pictures//target//pencil.jpg	miss	n/a	n/a	n/a	452331	7	24834	7	580	next	n/a	n/a	n/a	n/a
Picture	trial_start	other	n/a	n/a	n/a	482331	1	2667	7	0	next	n/a	n/a	n/a	n/a
Sound	9; 25; UN_200; sounds//outcome.wav	hit	2	20855	4	483001	2	n/a	n/a	670	n/a	n/a	n/a	n/a	n/a
Picture	9; 20; UN_200; pictures//nontarget//earring.png	miss	n/a	n/a	n/a	484997	7	24000	7	2580	next	n/a	n/a	n/a	n/a
Picture	trial_start	other	n/a	n/a	n/a	514164	1	2667	7	0	next	n/a	n/a	n/a	n/a
Sound	10; 45; C; sounds//ribbon.wav	incorrect	2	21710	2	514834	2	n/a	n/a	670	n/a	n/a	n/a	n/a	n/a
Picture	10; 40; C; pictures//target//medal.jpg	miss	n/a	n/a	n/a	516831	7	22833	7	2580	next	n/a	n/a	n/a	n/a
Picture	trial_start	other	n/a	n/a	n/a	544831	1	667	7	0	next	n/a	n/a	n/a	n/a
Sound	11; 0; P; sounds//touch.wav	hit	3	10112	2	545501	2	n/a	n/a	670	n/a	n/a	n/a	n/a	n/a
Picture	11; 30; P; pictures//target//tunnel.jpg	miss	n/a	n/a	n/a	545498	7	26000	7	580	next	n/a	n/a	n/a	n/a
Picture	trial_start	other	n/a	n/a	n/a	576665	1	2667	7	0	next	n/a	n/a	n/a	n/a
Sound	12; 25; UN_200; sounds//quality.wav	hit	2	15269	4	577335	2	n/a	n/a	670	n/a	n/a	n/a	n/a	n/a
Picture	12; 20; UN_200; pictures//nontarget//Sheep.jpg	miss	n/a	n/a	n/a	579331	7	25500	7	2580	next	n/a	n/a	n/a	n/a
Picture	trial_start	other	n/a	n/a	n/a	609998	1	667	7	0	next	n/a	n/a	n/a	n/a
Sound	13; 0; No; sounds//empty.wav	hit	2	16474	2	610668	2	n/a	n/a	670	n/a	n/a	n/a	n/a	n/a
Picture	13; 50; No; pictures//nontarget//watch.jpeg	miss	n/a	n/a	n/a	610665	7	26167	7	580	next	n/a	n/a	n/a	n/a
Picture	trial_start	other	n/a	n/a	n/a	641998	1	667	7	0	next	n/a	n/a	n/a	n/a
Sound	14; 0; P; sounds//pooch.wav	hit	3	9373	2	642669	2	n/a	n/a	670	n/a	n/a	n/a	n/a	n/a
Picture	14; 30; P; pictures//target//pool.jpg	miss	n/a	n/a	n/a	642665	7	24834	7	580	next	n/a	n/a	n/a	n/a
Picture	trial_start	other	n/a	n/a	n/a	672665	1	2667	7	0	next	n/a	n/a	n/a	n/a
Sound	15; 25; UN_200; sounds//voyage.wav	hit	3	14516	2	673335	2	n/a	n/a	670	n/a	n/a	n/a	n/a	n/a
Picture	15; 20; UN_200; pictures//target//Bull.jpg	miss	n/a	n/a	n/a	675332	7	22834	7	2580	next	n/a	n/a	n/a	n/a
Picture	trial_start	other	n/a	n/a	n/a	703332	1	2667	7	0	next	n/a	n/a	n/a	n/a
Sound	16; 45; C; sounds//torch.wav	hit	3	11618	2	704002	2	n/a	n/a	670	n/a	n/a	n/a	n/a	n/a
Picture	16; 40; C; pictures//target//candle.jpg	miss	n/a	n/a	n/a	705999	7	22667	7	2580	next	n/a	n/a	n/a	n/a
Picture	trial_start	other	n/a	n/a	n/a	733833	1	667	7	0	next	n/a	n/a	n/a	n/a
Sound	17; 0; No; sounds//empty.wav	incorrect	2	6797	2	734503	2	n/a	n/a	670	n/a	n/a	n/a	n/a	n/a
Picture	17; 50; No; pictures//target//eggshell.jpeg	miss	n/a	n/a	n/a	734499	7	25000	7	580	next	n/a	n/a	n/a	n/a
Picture	trial_start	other	n/a	n/a	n/a	764666	1	2667	7	0	next	n/a	n/a	n/a	n/a
Sound	18; 25; UN_200; sounds//twin.wav	hit	2	12564	2	765336	2	n/a	n/a	670	n/a	n/a	n/a	n/a	n/a
Picture	18; 20; UN_200; pictures//nontarget//butterfly.jpg	miss	n/a	n/a	n/a	767333	7	22833	7	2580	next	n/a	n/a	n/a	n/a
Picture	trial_start	other	n/a	n/a	n/a	795333	1	667	7	0	next	n/a	n/a	n/a	n/a
Sound	19; 0; UN_0; sounds//airport.wav	incorrect	2	19925	3	796003	2	n/a	n/a	670	n/a	n/a	n/a	n/a	n/a
Picture	19; 10; UN_0; pictures//target//shell.jpg	miss	n/a	n/a	n/a	796000	7	24834	7	580	next	n/a	n/a	n/a	n/a
Picture	trial_start	other	n/a	n/a	n/a	826000	1	667	7	0	next	n/a	n/a	n/a	n/a
Sound	20; 0; UN_0; sounds//palace.wav	hit	2	16637	2	826670	1	n/a	n/a	670	n/a	n/a	n/a	n/a	n/a
Picture	20; 10; UN_0; pictures//nontarget//shelf.jpg	miss	n/a	n/a	n/a	826666	7	25667	7	580	next	n/a	n/a	n/a	n/a
Picture	trial_start	other	n/a	n/a	n/a	857500	1	667	7	0	next	n/a	n/a	n/a	n/a
Sound	21; 0; No; sounds//empty.wav	hit	2	14577	2	858170	2	n/a	n/a	670	n/a	n/a	n/a	n/a	n/a
Picture	21; 50; No; pictures//nontarget//chick.jpeg	miss	n/a	n/a	n/a	858167	7	24834	8	580	next	n/a	n/a	n/a	n/a
Picture	trial_start	other	n/a	n/a	n/a	888167	1	667	7	0	next	n/a	n/a	n/a	n/a
Sound	22; 0; P; sounds//baseline.wav	hit	3	12389	2	888837	2	n/a	n/a	670	n/a	n/a	n/a	n/a	n/a
Picture	22; 30; P; pictures//target//bagel.png	miss	n/a	n/a	n/a	888834	7	24834	7	580	next	n/a	n/a	n/a	n/a
Picture	trial_start	other	n/a	n/a	n/a	918834	1	667	7	0	next	n/a	n/a	n/a	n/a
Sound	23; 0; UN_0; sounds//oil.wav	hit	2	10542	2	919504	2	n/a	n/a	670	n/a	n/a	n/a	n/a	n/a
Picture	23; 10; UN_0; pictures//nontarget//plug.jpg	miss	n/a	n/a	n/a	919501	7	24834	7	580	next	n/a	n/a	n/a	n/a
Picture	trial_start	other	n/a	n/a	n/a	949501	1	2667	7	0	next	n/a	n/a	n/a	n/a
Sound	24; 45; C; sounds//broom.wav	hit	2	12634	2	950171	2	n/a	n/a	670	n/a	n/a	n/a	n/a	n/a
Picture	24; 40; C; pictures//nontarget//mop.jpg	miss	n/a	n/a	n/a	952167	7	22833	7	2580	next	n/a	n/a	n/a	n/a
Picture	trial_start	other	n/a	n/a	n/a	980168	1	2667	7	0	next	n/a	n/a	n/a	n/a
Sound	25; 45; C; sounds//disc.wav	hit	2	8297	2	980838	1	n/a	n/a	670	n/a	n/a	n/a	n/a	n/a
Picture	25; 40; C; pictures//nontarget//frisbee.png	miss	n/a	n/a	n/a	982834	7	22834	7	2580	next	n/a	n/a	n/a	n/a
Picture	trial_start	other	n/a	n/a	n/a	1010834	1	2667	7	0	next	n/a	n/a	n/a	n/a
Sound	26; 25; UN_200; sounds//seminar.wav	incorrect	2	11979	2	1011504	2	n/a	n/a	670	n/a	n/a	n/a	n/a	n/a
Picture	26; 20; UN_200; pictures//target//well.jpg	miss	n/a	n/a	n/a	1013501	7	22667	7	2580	next	n/a	n/a	n/a	n/a
Picture	trial_start	other	n/a	n/a	n/a	1041335	1	667	7	0	next	n/a	n/a	n/a	n/a
Sound	27; 0; No; sounds//empty.wav	incorrect	2	8389	2	1042005	2	n/a	n/a	670	n/a	n/a	n/a	n/a	n/a
Picture	27; 50; No; pictures//target//pineapple.jpeg	miss	n/a	n/a	n/a	1042001	7	25334	7	580	next	n/a	n/a	n/a	n/a
Picture	trial_start	other	n/a	n/a	n/a	1072502	1	667	7	0	next	n/a	n/a	n/a	n/a
Sound	28; 0; UN_0; sounds//hive.wav	incorrect	2	17551	2	1073172	1	n/a	n/a	670	n/a	n/a	n/a	n/a	n/a
Picture	28; 10; UN_0; pictures//target//windmill.jpg	miss	n/a	n/a	n/a	1073168	7	25500	7	580	next	n/a	n/a	n/a	n/a
Picture	trial_start	other	n/a	n/a	n/a	1103835	1	667	7	0	next	n/a	n/a	n/a	n/a
Sound	29; 0; P; sounds//sanity.wav	hit	2	8097	2	1104505	2	n/a	n/a	670	n/a	n/a	n/a	n/a	n/a
Picture	29; 30; P; pictures//nontarget//sandwich.jpg	miss	n/a	n/a	n/a	1104502	7	25834	7	580	next	n/a	n/a	n/a	n/a
Picture	trial_start	other	n/a	n/a	n/a	1135502	1	2667	7	0	next	n/a	n/a	n/a	n/a
Sound	30; 45; C; sounds//chipmunk.wav	miss	n/a	n/a	n/a	1136172	2	n/a	n/a	670	n/a	n/a	n/a	n/a	n/a
Picture	30; 40; C; pictures//target//squirrel.jpg	miss	n/a	n/a	n/a	1138169	7	22500	13	2580	next	n/a	n/a	n/a	n/a
Picture	0;222;blockend	other	n/a	n/a	n/a	1160669	7	167	13	0	next	n/a	n/a	n/a	n/a
Picture	0;111;blockstart	other	n/a	n/a	n/a	1160836	7	167	7	0	next	n/a	n/a	n/a	n/a
Picture	block_tar_pic	other	n/a	n/a	n/a	1161002	1	50500	1	0	next	n/a	n/a	n/a	n/a
Sound	block_tar_sound	other	n/a	n/a	n/a	1161009	1	n/a	n/a	0	n/a	n/a	n/a	n/a	n/a
Picture	trial_start	other	n/a	n/a	n/a	1216669	1	2667	7	0	next	n/a	n/a	n/a	n/a
Sound	1; 45; C; sounds//planet.wav	hit	3	9871	2	1217340	2	n/a	n/a	670	n/a	n/a	n/a	n/a	n/a
Picture	1; 40; C; pictures//target//moon.jpg	miss	n/a	n/a	n/a	1219336	7	23167	7	2580	next	n/a	n/a	n/a	n/a
Picture	trial_start	other	n/a	n/a	n/a	1247670	1	667	7	0	next	n/a	n/a	n/a	n/a
Sound	2; 0; UN_0; sounds//frost.wav	incorrect	3	8500	2	1248340	2	n/a	n/a	670	n/a	n/a	n/a	n/a	n/a
Picture	2; 10; UN_0; pictures//nontarget//swing.jpg	miss	n/a	n/a	n/a	1248336	7	24834	7	580	next	n/a	n/a	n/a	n/a
Picture	trial_start	other	n/a	n/a	n/a	1278336	1	667	7	0	next	n/a	n/a	n/a	n/a
Sound	3; 0; P; sounds//tour.wav	hit	2	7842	2	1279006	2	n/a	n/a	670	n/a	n/a	n/a	n/a	n/a
Picture	3; 30; P; pictures//nontarget//tooth.jpg	miss	n/a	n/a	n/a	1279003	7	26000	7	580	next	n/a	n/a	n/a	n/a
Picture	trial_start	other	n/a	n/a	n/a	1310170	1	2667	7	0	next	n/a	n/a	n/a	n/a
Sound	4; 45; C; sounds//fence.wav	hit	2	11789	2	1310840	2	n/a	n/a	670	n/a	n/a	n/a	n/a	n/a
Picture	4; 40; C; pictures//nontarget//crib.jpg	miss	n/a	n/a	n/a	1312837	7	23667	7	2580	next	n/a	n/a	n/a	n/a
Picture	trial_start	other	n/a	n/a	n/a	1341670	1	667	7	0	next	n/a	n/a	n/a	n/a
Sound	5; 0; UN_0; sounds//sale.wav	hit	3	8498	2	1342340	2	n/a	n/a	670	n/a	n/a	n/a	n/a	n/a
Picture	5; 10; UN_0; pictures//target//dolphin.jpg	miss	n/a	n/a	n/a	1342337	7	25333	7	580	next	n/a	n/a	n/a	n/a
Picture	trial_start	other	n/a	n/a	n/a	1372837	1	667	7	0	next	n/a	n/a	n/a	n/a
Sound	6; 0; UN_0; sounds//wage.wav	hit	2	8340	2	1373507	1	n/a	n/a	670	n/a	n/a	n/a	n/a	n/a
Picture	6; 10; UN_0; pictures//nontarget//beach.jpg	miss	n/a	n/a	n/a	1373504	7	24833	7	580	next	n/a	n/a	n/a	n/a
Picture	trial_start	other	n/a	n/a	n/a	1403504	1	667	7	0	next	n/a	n/a	n/a	n/a
Sound	7; 0; No; sounds//empty.wav	hit	2	7162	2	1404174	2	n/a	n/a	670	n/a	n/a	n/a	n/a	n/a
Picture	7; 50; No; pictures//nontarget//waffle.jpeg	miss	n/a	n/a	n/a	1404171	7	24833	7	580	next	n/a	n/a	n/a	n/a
Picture	trial_start	other	n/a	n/a	n/a	1434171	1	667	7	0	next	n/a	n/a	n/a	n/a
Sound	8; 0; No; sounds//empty.wav	hit	3	10965	2	1434841	2	n/a	n/a	670	n/a	n/a	n/a	n/a	n/a
Picture	8; 50; No; pictures//target//cane.jpeg	miss	n/a	n/a	n/a	1434838	7	25000	7	580	next	n/a	n/a	n/a	n/a
Picture	trial_start	other	n/a	n/a	n/a	1465004	1	2667	7	0	next	n/a	n/a	n/a	n/a
Sound	9; 25; UN_200; sounds//race.wav	hit	3	8642	2	1465674	2	n/a	n/a	670	n/a	n/a	n/a	n/a	n/a
Picture	9; 20; UN_200; pictures//target//skeleton.jpg	miss	n/a	n/a	n/a	1467671	7	23833	7	2580	next	n/a	n/a	n/a	n/a
Picture	trial_start	other	n/a	n/a	n/a	1496671	1	667	7	0	next	n/a	n/a	n/a	n/a
Sound	10; 0; P; sounds//Ireland.wav	hit	3	7343	2	1497341	2	n/a	n/a	670	n/a	n/a	n/a	n/a	n/a
Picture	10; 30; P; pictures//target//iron.jpg	miss	n/a	n/a	n/a	1497338	7	25833	7	580	next	n/a	n/a	n/a	n/a
Picture	trial_start	other	n/a	n/a	n/a	1528338	1	2667	7	0	next	n/a	n/a	n/a	n/a
Sound	11; 25; UN_200; sounds//model.wav	hit	3	8905	2	1529008	1	n/a	n/a	670	n/a	n/a	n/a	n/a	n/a
Picture	11; 20; UN_200; pictures//target//penguin.jpg	miss	n/a	n/a	n/a	1531005	7	22833	7	2580	next	n/a	n/a	n/a	n/a
Picture	trial_start	other	n/a	n/a	n/a	1559005	1	667	7	0	next	n/a	n/a	n/a	n/a
Sound	12; 0; P; sounds//mistake.wav	hit	2	10748	2	1559675	2	n/a	n/a	670	n/a	n/a	n/a	n/a	n/a
Picture	12; 30; P; pictures//nontarget//mosquito.jpg	miss	n/a	n/a	n/a	1559672	7	24834	7	580	next	n/a	n/a	n/a	n/a
Picture	trial_start	other	n/a	n/a	n/a	1589672	1	667	7	0	next	n/a	n/a	n/a	n/a
Sound	13; 0; P; sounds//status.wav	hit	2	8570	3	1590342	2	n/a	n/a	670	n/a	n/a	n/a	n/a	n/a
Picture	13; 30; P; pictures//nontarget//statue.jpg	miss	n/a	n/a	n/a	1590339	7	25667	7	580	next	n/a	n/a	n/a	n/a
Picture	trial_start	other	n/a	n/a	n/a	1621172	1	667	7	0	next	n/a	n/a	n/a	n/a
Sound	14; 0; P; sounds//chamber.wav	hit	3	7900	2	1621842	2	n/a	n/a	670	n/a	n/a	n/a	n/a	n/a
Picture	14; 30; P; pictures//target//chain.jpg	miss	n/a	n/a	n/a	1621839	7	24834	7	580	next	n/a	n/a	n/a	n/a
Picture	trial_start	other	n/a	n/a	n/a	1651839	1	2667	7	0	next	n/a	n/a	n/a	n/a
Sound	15; 45; C; sounds//hill.wav	hit	2	18622	2	1652509	2	n/a	n/a	670	n/a	n/a	n/a	n/a	n/a
Picture	15; 40; C; pictures//nontarget//volcano.jpeg	miss	n/a	n/a	n/a	1654506	7	24167	7	2580	next	n/a	n/a	n/a	n/a
Picture	trial_start	other	n/a	n/a	n/a	1683839	1	2667	7	0	next	n/a	n/a	n/a	n/a
Sound	16; 45; C; sounds//squash.wav	hit	3	9111	2	1684509	1	n/a	n/a	670	n/a	n/a	n/a	n/a	n/a
Picture	16; 40; C; pictures//target//Pumpkin.jpg	miss	n/a	n/a	n/a	1686506	7	22834	7	2580	next	n/a	n/a	n/a	n/a
Picture	trial_start	other	n/a	n/a	n/a	1714506	1	667	7	0	next	n/a	n/a	n/a	n/a
Sound	17; 0; No; sounds//empty.wav	hit	3	7074	2	1715176	2	n/a	n/a	670	n/a	n/a	n/a	n/a	n/a
Picture	17; 50; No; pictures//target//phone.jpeg	miss	n/a	n/a	n/a	1715173	7	25334	7	580	next	n/a	n/a	n/a	n/a
Picture	trial_start	other	n/a	n/a	n/a	1745673	1	667	8	0	next	n/a	n/a	n/a	n/a
Sound	18; 0; P; sounds//founder.wav	hit	3	7846	2	1746343	2	n/a	n/a	670	n/a	n/a	n/a	n/a	n/a
Picture	18; 30; P; pictures//target//fountain.jpg	miss	n/a	n/a	n/a	1746340	7	25000	7	580	next	n/a	n/a	n/a	n/a
Picture	trial_start	other	n/a	n/a	n/a	1776507	1	2667	7	0	next	n/a	n/a	n/a	n/a
Sound	19; 25; UN_200; sounds//breath.wav	hit	2	9584	2	1777177	2	n/a	n/a	670	n/a	n/a	n/a	n/a	n/a
Picture	19; 20; UN_200; pictures//nontarget//arm.png	miss	n/a	n/a	n/a	1779173	7	22833	7	2580	next	n/a	n/a	n/a	n/a
Picture	trial_start	other	n/a	n/a	n/a	1807174	1	2667	7	0	next	n/a	n/a	n/a	n/a
Sound	20; 25; UN_200; sounds//material.wav	hit	2	10855	2	1807844	1	n/a	n/a	670	n/a	n/a	n/a	n/a	n/a
Picture	20; 20; UN_200; pictures//nontarget//dog.png	miss	n/a	n/a	n/a	1809840	7	24334	7	2580	next	n/a	n/a	n/a	n/a
Picture	trial_start	other	n/a	n/a	n/a	1839340	1	667	7	0	next	n/a	n/a	n/a	n/a
Sound	21; 0; UN_0; sounds//oval.wav	hit	3	8528	2	1840010	1	n/a	n/a	670	n/a	n/a	n/a	n/a	n/a
Picture	21; 10; UN_0; pictures//target//button.jpg	miss	n/a	n/a	n/a	1840007	7	24834	7	580	next	n/a	n/a	n/a	n/a
Picture	trial_start	other	n/a	n/a	n/a	1870006	2	668	8	0	next	n/a	n/a	n/a	n/a
Sound	22; 0; No; sounds//empty.wav	hit	3	9952	3	1870676	2	n/a	n/a	670	n/a	n/a	n/a	n/a	n/a
Picture	22; 50; No; pictures//target//balloon.jpeg	miss	n/a	n/a	n/a	1870674	7	24834	7	580	next	n/a	n/a	n/a	n/a
Picture	trial_start	other	n/a	n/a	n/a	1900674	1	2667	7	0	next	n/a	n/a	n/a	n/a
Sound	23; 25; UN_200; sounds//sheet.wav	hit	3	11313	3	1901344	2	n/a	n/a	670	n/a	n/a	n/a	n/a	n/a
Picture	23; 20; UN_200; pictures//target//oven.jpg	miss	n/a	n/a	n/a	1903341	7	22833	7	2580	next	n/a	n/a	n/a	n/a
Picture	trial_start	other	n/a	n/a	n/a	1931341	1	667	7	0	next	n/a	n/a	n/a	n/a
Sound	24; 0; UN_0; sounds//gap.wav	hit	2	11795	2	1932011	2	n/a	n/a	670	n/a	n/a	n/a	n/a	n/a
Picture	24; 10; UN_0; pictures//nontarget//leg.jpg	miss	n/a	n/a	n/a	1932008	7	30334	7	580	next	n/a	n/a	n/a	n/a
Picture	trial_start	other	n/a	n/a	n/a	1967508	1	667	7	0	next	n/a	n/a	n/a	n/a
Sound	25; 0; No; sounds//empty.wav	hit	2	16847	2	1968178	2	n/a	n/a	670	n/a	n/a	n/a	n/a	n/a
Picture	25; 50; No; pictures//nontarget//pearl.jpeg	miss	n/a	n/a	n/a	1968175	7	24833	7	580	next	n/a	n/a	n/a	n/a
Picture	trial_start	other	n/a	n/a	n/a	1998175	1	2667	7	0	next	n/a	n/a	n/a	n/a
Sound	26; 45; C; sounds//beard.wav	hit	2	10416	2	1998845	2	n/a	n/a	670	n/a	n/a	n/a	n/a	n/a
Picture	26; 40; C; pictures//nontarget//mustache.png	miss	n/a	n/a	n/a	2000842	7	24167	7	2580	next	n/a	n/a	n/a	n/a
Picture	trial_start	other	n/a	n/a	n/a	2030175	1	667	7	0	next	n/a	n/a	n/a	n/a
Sound	27; 0; UN_0; sounds//layer.wav	hit	3	9179	2	2030845	2	n/a	n/a	670	n/a	n/a	n/a	n/a	n/a
Picture	27; 10; UN_0; pictures//target//apron.jpg	miss	n/a	n/a	n/a	2030842	7	25167	7	580	next	n/a	n/a	n/a	n/a
Picture	trial_start	other	n/a	n/a	n/a	2061175	1	2667	7	0	next	n/a	n/a	n/a	n/a
Sound	28; 25; UN_200; sounds//energy.wav	hit	2	16610	3	2061845	2	n/a	n/a	670	n/a	n/a	n/a	n/a	n/a
Picture	28; 20; UN_200; pictures//nontarget//lava.png	miss	n/a	n/a	n/a	2063842	7	22833	7	2580	next	n/a	n/a	n/a	n/a
Picture	trial_start	other	n/a	n/a	n/a	2091842	1	667	7	0	next	n/a	n/a	n/a	n/a
Sound	29; 0; No; sounds//empty.wav	hit	2	8360	2	2092512	2	n/a	n/a	670	n/a	n/a	n/a	n/a	n/a
Picture	29; 50; No; pictures//nontarget//football.jpeg	miss	n/a	n/a	n/a	2092509	7	25000	7	580	next	n/a	n/a	n/a	n/a
Picture	trial_start	other	n/a	n/a	n/a	2122676	1	2667	7	0	next	n/a	n/a	n/a	n/a
Sound	30; 45; C; sounds//chips.wav	hit	3	9016	2	2123346	1	n/a	n/a	670	n/a	n/a	n/a	n/a	n/a
Picture	30; 40; C; pictures//target//popcorn.jpg	miss	n/a	n/a	n/a	2125343	7	22500	13	2580	next	n/a	n/a	n/a	n/a
Picture	0;222;blockend	other	n/a	n/a	n/a	2147843	7	167	13	0	next	n/a	n/a	n/a	n/a
Picture	0;111;blockstart	other	n/a	n/a	n/a	2148009	7	167	7	0	next	n/a	n/a	n/a	n/a
Picture	block_tar_pic	other	n/a	n/a	n/a	2148176	1	52333	1	0	next	n/a	n/a	n/a	n/a
Sound	block_tar_sound	other	n/a	n/a	n/a	2148183	1	n/a	n/a	0	n/a	n/a	n/a	n/a	n/a
Picture	trial_start	other	n/a	n/a	n/a	2205676	1	667	7	0	next	n/a	n/a	n/a	n/a
Sound	1; 0; UN_0; sounds//fallacy.wav	hit	3	6644	2	2206347	2	n/a	n/a	670	n/a	n/a	n/a	n/a	n/a
Picture	1; 10; UN_0; pictures//target//corn.png	miss	n/a	n/a	n/a	2206343	7	25000	7	580	next	n/a	n/a	n/a	n/a
Picture	trial_start	other	n/a	n/a	n/a	2236510	1	2667	7	0	next	n/a	n/a	n/a	n/a
Sound	2; 25; UN_200; sounds//card.wav	hit	2	9350	2	2237180	2	n/a	n/a	670	n/a	n/a	n/a	n/a	n/a
Picture	2; 20; UN_200; pictures//nontarget//egg.jpg	miss	n/a	n/a	n/a	2239177	7	23667	7	2580	next	n/a	n/a	n/a	n/a
Picture	trial_start	other	n/a	n/a	n/a	2268010	1	667	7	0	next	n/a	n/a	n/a	n/a
Sound	3; 0; P; sounds//craft.wav	hit	2	6640	2	2268680	2	n/a	n/a	670	n/a	n/a	n/a	n/a	n/a
Picture	3; 30; P; pictures//nontarget//crab.jpg	miss	n/a	n/a	n/a	2268677	7	24834	7	580	next	n/a	n/a	n/a	n/a
Picture	trial_start	other	n/a	n/a	n/a	2298677	1	667	7	0	next	n/a	n/a	n/a	n/a
Sound	4; 0; P; sounds//cloud.wav	hit	3	6751	2	2299347	1	n/a	n/a	670	n/a	n/a	n/a	n/a	n/a
Picture	4; 30; P; pictures//target//clown.jpg	miss	n/a	n/a	n/a	2299344	7	27334	7	580	next	n/a	n/a	n/a	n/a
Picture	trial_start	other	n/a	n/a	n/a	2331844	1	667	7	0	next	n/a	n/a	n/a	n/a
Sound	5; 0; No; sounds//empty.wav	hit	3	7133	2	2332514	2	n/a	n/a	670	n/a	n/a	n/a	n/a	n/a
Picture	5; 50; No; pictures//target//train.jpeg	miss	n/a	n/a	n/a	2332511	7	25667	7	580	next	n/a	n/a	n/a	n/a
Picture	trial_start	other	n/a	n/a	n/a	2363344	1	2667	7	0	next	n/a	n/a	n/a	n/a
Sound	6; 45; C; sounds//walnut.wav	hit	3	7743	2	2364014	2	n/a	n/a	670	n/a	n/a	n/a	n/a	n/a
Picture	6; 40; C; pictures//target//acorn.jpg	miss	n/a	n/a	n/a	2366011	7	22834	7	2580	next	n/a	n/a	n/a	n/a
Picture	trial_start	other	n/a	n/a	n/a	2394011	1	2667	7	0	next	n/a	n/a	n/a	n/a
Sound	7; 25; UN_200; sounds//pillow.wav	hit	3	9146	2	2394681	2	n/a	n/a	670	n/a	n/a	n/a	n/a	n/a
Picture	7; 20; UN_200; pictures//target//brain.jpg	miss	n/a	n/a	n/a	2396678	7	22833	7	2580	next	n/a	n/a	n/a	n/a
Picture	trial_start	other	n/a	n/a	n/a	2424678	1	667	7	0	next	n/a	n/a	n/a	n/a
Sound	8; 0; P; sounds//drug.wav	hit	2	9159	3	2425348	2	n/a	n/a	670	n/a	n/a	n/a	n/a	n/a
Picture	8; 30; P; pictures//nontarget//drum.png	miss	n/a	n/a	n/a	2425345	7	25000	7	580	next	n/a	n/a	n/a	n/a
Picture	trial_start	other	n/a	n/a	n/a	2455512	1	667	7	0	next	n/a	n/a	n/a	n/a
Sound	9; 0; No; sounds//empty.wav	hit	2	7973	2	2456182	2	n/a	n/a	670	n/a	n/a	n/a	n/a	n/a
Picture	9; 50; No; pictures//nontarget//wheel.jpeg	miss	n/a	n/a	n/a	2456178	7	25667	7	580	next	n/a	n/a	n/a	n/a
Picture	trial_start	other	n/a	n/a	n/a	2487012	1	2667	7	0	next	n/a	n/a	n/a	n/a
Sound	10; 45; C; sounds//tea.wav	hit	2	11103	2	2487682	1	n/a	n/a	670	n/a	n/a	n/a	n/a	n/a
Picture	10; 40; C; pictures//nontarget//coffee.jpg	miss	n/a	n/a	n/a	2489679	7	23833	7	2580	next	n/a	n/a	n/a	n/a
Picture	trial_start	other	n/a	n/a	n/a	2518679	1	667	7	0	next	n/a	n/a	n/a	n/a
Sound	11; 0; P; sounds//candidate.wav	hit	3	7085	2	2519349	2	n/a	n/a	670	n/a	n/a	n/a	n/a	n/a
Picture	11; 30; P; pictures//target//cannon.jpg	miss	n/a	n/a	n/a	2519345	7	24834	7	580	next	n/a	n/a	n/a	n/a
Picture	trial_start	other	n/a	n/a	n/a	2549346	1	667	7	0	next	n/a	n/a	n/a	n/a
Sound	12; 0; UN_0; sounds//costume.wav	hit	2	7718	2	2550016	1	n/a	n/a	670	n/a	n/a	n/a	n/a	n/a
Picture	12; 10; UN_0; pictures//nontarget//sponge.jpg	miss	n/a	n/a	n/a	2550012	7	28167	7	580	next	n/a	n/a	n/a	n/a
Picture	trial_start	other	n/a	n/a	n/a	2583346	1	667	7	0	next	n/a	n/a	n/a	n/a
Sound	13; 0; No; sounds//empty.wav	hit	3	19966	2	2584016	2	n/a	n/a	670	n/a	n/a	n/a	n/a	n/a
Picture	13; 50; No; pictures//target//pen.jpeg	miss	n/a	n/a	n/a	2584012	7	25667	7	580	next	n/a	n/a	n/a	n/a
Picture	trial_start	other	n/a	n/a	n/a	2614846	1	2667	7	0	next	n/a	n/a	n/a	n/a
Sound	14; 25; UN_200; sounds//orthodox.wav	hit	3	9356	2	2615516	2	n/a	n/a	670	n/a	n/a	n/a	n/a	n/a
Picture	14; 20; UN_200; pictures//target//spoon.jpg	miss	n/a	n/a	n/a	2617513	7	23833	7	2580	next	n/a	n/a	n/a	n/a
Picture	trial_start	other	n/a	n/a	n/a	2646513	1	667	7	0	next	n/a	n/a	n/a	n/a
Sound	15; 0; P; sounds//legend.wav	hit	3	7498	2	2647183	2	n/a	n/a	670	n/a	n/a	n/a	n/a	n/a
Picture	15; 30; P; pictures//target//lemon.jpg	miss	n/a	n/a	n/a	2647180	7	25000	7	580	next	n/a	n/a	n/a	n/a
Picture	trial_start	other	n/a	n/a	n/a	2677347	1	667	7	0	next	n/a	n/a	n/a	n/a
Sound	16; 0; P; sounds//custom.wav	hit	2	7104	2	2678017	2	n/a	n/a	670	n/a	n/a	n/a	n/a	n/a
Picture	16; 30; P; pictures//nontarget//cup.jpg	miss	n/a	n/a	n/a	2678013	7	25667	7	580	next	n/a	n/a	n/a	n/a
Picture	trial_start	other	n/a	n/a	n/a	2708847	1	2667	7	0	next	n/a	n/a	n/a	n/a
Sound	17; 45; C; sounds//shampoo.wav	hit	2	10174	2	2709517	1	n/a	n/a	670	n/a	n/a	n/a	n/a	n/a
Picture	17; 40; C; pictures//nontarget//soap.jpg	miss	n/a	n/a	n/a	2711513	7	23667	7	2580	next	n/a	n/a	n/a	n/a
Picture	trial_start	other	n/a	n/a	n/a	2740347	1	2667	7	0	next	n/a	n/a	n/a	n/a
Sound	18; 45; C; sounds//ham.wav	incorrect	2	11482	2	2741017	2	n/a	n/a	670	n/a	n/a	n/a	n/a	n/a
Picture	18; 40; C; pictures//target//bacon.jpg	hit	3	14576	7	2743014	7	23000	7	2580	next	n/a	n/a	n/a	n/a
Picture	trial_start	other	n/a	n/a	n/a	2771181	1	667	7	0	next	n/a	n/a	n/a	n/a
Sound	19; 0; UN_0; sounds//flood.wav	incorrect	3	8969	3	2771851	2	n/a	n/a	670	n/a	n/a	n/a	n/a	n/a
Picture	19; 10; UN_0; pictures//nontarget//window.jpg	hit	2	10872	8	2771847	7	27333	7	580	next	n/a	n/a	n/a	n/a
Picture	trial_start	other	n/a	n/a	n/a	2804347	1	667	7	0	next	n/a	n/a	n/a	n/a
Sound	20; 0; No; sounds//empty.wav	hit	2	10212	3	2805017	3	n/a	n/a	670	n/a	n/a	n/a	n/a	n/a
Picture	20; 50; No; pictures//nontarget//alligator.jpeg	miss	n/a	n/a	n/a	2805014	7	26000	7	580	next	n/a	n/a	n/a	n/a
Picture	trial_start	other	n/a	n/a	n/a	2836181	1	2667	7	0	next	n/a	n/a	n/a	n/a
Sound	21; 45; C; sounds//blower.wav	incorrect	2	9897	2	2836851	1	n/a	n/a	670	n/a	n/a	n/a	n/a	n/a
Picture	21; 40; C; pictures//target//fan.jpg	miss	n/a	n/a	n/a	2838848	7	24000	7	2580	next	n/a	n/a	n/a	n/a
Picture	trial_start	other	n/a	n/a	n/a	2868015	1	2667	7	0	next	n/a	n/a	n/a	n/a
Sound	22; 45; C; sounds//fungus.wav	hit	2	10243	2	2868685	2	n/a	n/a	670	n/a	n/a	n/a	n/a	n/a
Picture	22; 40; C; pictures//nontarget//mushroom.jpg	miss	n/a	n/a	n/a	2870681	7	23834	7	2580	next	n/a	n/a	n/a	n/a
Picture	trial_start	other	n/a	n/a	n/a	2899681	1	667	7	0	next	n/a	n/a	n/a	n/a
Sound	23; 0; UN_0; sounds//site.wav	hit	3	11005	3	2900352	2	n/a	n/a	670	n/a	n/a	n/a	n/a	n/a
Picture	23; 10; UN_0; pictures//target//violin.jpg	miss	n/a	n/a	n/a	2900348	7	25000	7	580	next	n/a	n/a	n/a	n/a
Picture	trial_start	other	n/a	n/a	n/a	2930515	1	2667	7	0	next	n/a	n/a	n/a	n/a
Sound	24; 25; UN_200; sounds//bill.wav	hit	2	8191	2	2931185	2	n/a	n/a	670	n/a	n/a	n/a	n/a	n/a
Picture	24; 20; UN_200; pictures//nontarget//mousetrap.jpg	miss	n/a	n/a	n/a	2933182	7	25333	7	2580	next	n/a	n/a	n/a	n/a
Picture	trial_start	other	n/a	n/a	n/a	2963682	1	667	7	0	next	n/a	n/a	n/a	n/a
Sound	25; 0; No; sounds//empty.wav	hit	3	7693	2	2964352	1	n/a	n/a	670	n/a	n/a	n/a	n/a	n/a
Picture	25; 50; No; pictures//target//lion.jpeg	miss	n/a	n/a	n/a	2964349	7	24833	7	580	next	n/a	n/a	n/a	n/a
Picture	trial_start	other	n/a	n/a	n/a	2994349	1	2667	7	0	next	n/a	n/a	n/a	n/a
Sound	26; 25; UN_200; sounds//college.wav	hit	2	8196	2	2995019	1	n/a	n/a	670	n/a	n/a	n/a	n/a	n/a
Picture	26; 20; UN_200; pictures//nontarget//blueberry.jpg	miss	n/a	n/a	n/a	2997015	7	23000	7	2580	next	n/a	n/a	n/a	n/a
Picture	trial_start	other	n/a	n/a	n/a	3025182	1	667	7	0	next	n/a	n/a	n/a	n/a
Sound	27; 0; UN_0; sounds//skill.wav	hit	2	8743	2	3025853	2	n/a	n/a	670	n/a	n/a	n/a	n/a	n/a
Picture	27; 10; UN_0; pictures//nontarget//mummy.png	miss	n/a	n/a	n/a	3025849	7	24834	7	580	next	n/a	n/a	n/a	n/a
Picture	trial_start	other	n/a	n/a	n/a	3055849	1	667	7	0	next	n/a	n/a	n/a	n/a
Sound	28; 0; UN_0; sounds//savior.wav	hit	3	6823	2	3056519	1	n/a	n/a	670	n/a	n/a	n/a	n/a	n/a
Picture	28; 10; UN_0; pictures//target//horn.png	miss	n/a	n/a	n/a	3056516	7	24667	7	580	next	n/a	n/a	n/a	n/a
Picture	trial_start	other	n/a	n/a	n/a	3086349	1	667	7	0	next	n/a	n/a	n/a	n/a
Sound	29; 0; No; sounds//empty.wav	hit	2	10393	2	3087020	2	n/a	n/a	670	n/a	n/a	n/a	n/a	n/a
Picture	29; 50; No; pictures//nontarget//pacifier.jpeg	miss	n/a	n/a	n/a	3087016	7	26000	7	580	next	n/a	n/a	n/a	n/a
Picture	trial_start	other	n/a	n/a	n/a	3118183	1	2667	7	0	next	n/a	n/a	n/a	n/a
Sound	30; 25; UN_200; sounds//curve.wav	hit	3	9979	3	3118853	2	n/a	n/a	670	n/a	n/a	n/a	n/a	n/a
Picture	30; 20; UN_200; pictures//target//Onion.jpg	miss	n/a	n/a	n/a	3120850	7	22500	13	2580	next	n/a	n/a	n/a	n/a
Picture	0;222;blockend	other	n/a	n/a	n/a	3143350	7	167	13	0	next	n/a	n/a	n/a	n/a
Picture	0;111;blockstart	other	n/a	n/a	n/a	3143517	7	167	7	0	next	n/a	n/a	n/a	n/a
Picture	block_tar_pic	other	n/a	n/a	n/a	3143683	1	50667	1	0	next	n/a	n/a	n/a	n/a
Sound	block_tar_sound	other	n/a	n/a	n/a	3143690	1	n/a	n/a	0	n/a	n/a	n/a	n/a	n/a
Picture	trial_start	other	n/a	n/a	n/a	3199517	1	2667	7	0	next	n/a	n/a	n/a	n/a
Sound	1; 45; C; sounds//window.wav	hit	3	17304	2	3200187	1	n/a	n/a	670	n/a	n/a	n/a	n/a	n/a
Picture	1; 40; C; pictures//target//door.jpg	miss	n/a	n/a	n/a	3202184	7	22834	7	2580	next	n/a	n/a	n/a	n/a
Picture	trial_start	other	n/a	n/a	n/a	3230184	1	667	7	0	next	n/a	n/a	n/a	n/a
Sound	2; 0; P; sounds//ascent.wav	hit	2	8558	3	3230854	3	n/a	n/a	670	n/a	n/a	n/a	n/a	n/a
Picture	2; 30; P; pictures//nontarget//asparagus.jpg	miss	n/a	n/a	n/a	3230851	7	24834	7	580	next	n/a	n/a	n/a	n/a
Picture	trial_start	other	n/a	n/a	n/a	3260851	1	2667	7	0	next	n/a	n/a	n/a	n/a
Sound	3; 25; UN_200; sounds//ego.wav	hit	3	11569	2	3261521	1	n/a	n/a	670	n/a	n/a	n/a	n/a	n/a
Picture	3; 20; UN_200; pictures//target//paper.jpg	miss	n/a	n/a	n/a	3263517	7	22667	7	2580	next	n/a	n/a	n/a	n/a
Picture	trial_start	other	n/a	n/a	n/a	3291351	1	667	7	0	next	n/a	n/a	n/a	n/a
Sound	4; 0; No; sounds//empty.wav	hit	2	6067	2	3292021	2	n/a	n/a	670	n/a	n/a	n/a	n/a	n/a
Picture	4; 50; No; pictures//nontarget//lollipop.jpeg	miss	n/a	n/a	n/a	3292018	7	24833	7	580	next	n/a	n/a	n/a	n/a
Picture	trial_start	other	n/a	n/a	n/a	3322018	1	2667	7	0	next	n/a	n/a	n/a	n/a
Sound	5; 45; C; sounds//lamp.wav	hit	3	18969	2	3322688	2	n/a	n/a	670	n/a	n/a	n/a	n/a	n/a
Picture	5; 40; C; pictures//target//chandelier.jpg	miss	n/a	n/a	n/a	3324685	7	22833	7	2580	next	n/a	n/a	n/a	n/a
Picture	trial_start	other	n/a	n/a	n/a	3352685	1	667	7	0	next	n/a	n/a	n/a	n/a
Sound	6; 0; P; sounds//bias.wav	hit	3	7853	2	3353355	2	n/a	n/a	670	n/a	n/a	n/a	n/a	n/a
Picture	6; 30; P; pictures//target//binder.jpg	miss	n/a	n/a	n/a	3353352	7	24833	7	580	next	n/a	n/a	n/a	n/a
Picture	trial_start	other	n/a	n/a	n/a	3383352	1	2667	7	0	next	n/a	n/a	n/a	n/a
Sound	7; 25; UN_200; sounds//trait.wav	hit	2	9257	2	3384022	2	n/a	n/a	670	n/a	n/a	n/a	n/a	n/a
Picture	7; 20; UN_200; pictures//nontarget//cookie.jpeg	miss	n/a	n/a	n/a	3386018	7	22834	7	2580	next	n/a	n/a	n/a	n/a
Picture	trial_start	other	n/a	n/a	n/a	3414019	1	2667	7	0	next	n/a	n/a	n/a	n/a
Sound	8; 25; UN_200; sounds//giant.wav	hit	2	9588	2	3414689	2	n/a	n/a	670	n/a	n/a	n/a	n/a	n/a
Picture	8; 20; UN_200; pictures//nontarget//eye.png	miss	n/a	n/a	n/a	3416685	7	23667	7	2580	next	n/a	n/a	n/a	n/a
Picture	trial_start	other	n/a	n/a	n/a	3445519	1	667	7	0	next	n/a	n/a	n/a	n/a
Sound	9; 0; P; sounds//lactose.wav	hit	3	10506	2	3446189	2	n/a	n/a	670	n/a	n/a	n/a	n/a	n/a
Picture	9; 30; P; pictures//target//ladder.jpg	miss	n/a	n/a	n/a	3446185	7	24833	7	580	next	n/a	n/a	n/a	n/a
Picture	trial_start	other	n/a	n/a	n/a	3476186	1	667	7	0	next	n/a	n/a	n/a	n/a
Sound	10; 0; No; sounds//empty.wav	hit	3	11430	2	3476856	2	n/a	n/a	670	n/a	n/a	n/a	n/a	n/a
Picture	10; 50; No; pictures//target//speaker.jpeg	miss	n/a	n/a	n/a	3476852	7	25834	7	580	next	n/a	n/a	n/a	n/a
Picture	trial_start	other	n/a	n/a	n/a	3507853	1	667	7	0	next	n/a	n/a	n/a	n/a
Sound	11; 0; P; sounds//angle.wav	hit	3	6562	2	3508523	2	n/a	n/a	670	n/a	n/a	n/a	n/a	n/a
Picture	11; 30; P; pictures//target//Anchor.jpg	miss	n/a	n/a	n/a	3508519	7	25833	7	580	next	n/a	n/a	n/a	n/a
Picture	trial_start	other	n/a	n/a	n/a	3539519	1	667	7	0	next	n/a	n/a	n/a	n/a
Sound	12; 0; UN_0; sounds//blog.wav	hit	2	7545	2	3540189	2	n/a	n/a	670	n/a	n/a	n/a	n/a	n/a
Picture	12; 10; UN_0; pictures//nontarget//key.jpg	miss	n/a	n/a	n/a	3540186	7	25834	7	580	next	n/a	n/a	n/a	n/a
Picture	trial_start	other	n/a	n/a	n/a	3571186	1	2667	7	0	next	n/a	n/a	n/a	n/a
Sound	13; 25; UN_200; sounds//rabbit.wav	hit	3	9787	3	3571856	2	n/a	n/a	670	n/a	n/a	n/a	n/a	n/a
Picture	13; 20; UN_200; pictures//target//stapler.jpg	miss	n/a	n/a	n/a	3573853	7	22667	7	2580	next	n/a	n/a	n/a	n/a
Picture	trial_start	other	n/a	n/a	n/a	3601687	1	667	7	0	next	n/a	n/a	n/a	n/a
Sound	14; 0; UN_0; sounds//cousin.wav	hit	2	10526	2	3602357	2	n/a	n/a	670	n/a	n/a	n/a	n/a	n/a
Picture	14; 10; UN_0; pictures//nontarget//tomato.jpeg	miss	n/a	n/a	n/a	3602353	7	24833	7	580	next	n/a	n/a	n/a	n/a
Picture	trial_start	other	n/a	n/a	n/a	3632353	1	667	7	0	next	n/a	n/a	n/a	n/a
Sound	15; 0; No; sounds//empty.wav	hit	3	7419	2	3633023	1	n/a	n/a	670	n/a	n/a	n/a	n/a	n/a
Picture	15; 50; No; pictures//target//printer.jpeg	miss	n/a	n/a	n/a	3633020	7	25333	7	580	next	n/a	n/a	n/a	n/a
Picture	trial_start	other	n/a	n/a	n/a	3663520	1	667	7	0	next	n/a	n/a	n/a	n/a
Sound	16; 0; P; sounds//peak.wav	hit	2	8571	2	3664191	2	n/a	n/a	670	n/a	n/a	n/a	n/a	n/a
Picture	16; 30; P; pictures//nontarget//peach.png	miss	n/a	n/a	n/a	3664187	7	25000	7	580	next	n/a	n/a	n/a	n/a
Picture	trial_start	other	n/a	n/a	n/a	3694354	1	2667	7	0	next	n/a	n/a	n/a	n/a
Sound	17; 25; UN_200; sounds//glance.wav	hit	3	10527	2	3695024	2	n/a	n/a	670	n/a	n/a	n/a	n/a	n/a
Picture	17; 20; UN_200; pictures//target//elevator.jpeg	miss	n/a	n/a	n/a	3697021	7	25833	7	2580	next	n/a	n/a	n/a	n/a
Picture	trial_start	other	n/a	n/a	n/a	3728021	1	2667	7	0	next	n/a	n/a	n/a	n/a
Sound	18; 45; C; sounds//fly.wav	hit	2	9769	2	3728691	2	n/a	n/a	670	n/a	n/a	n/a	n/a	n/a
Picture	18; 40; C; pictures//nontarget//bee.jpg	miss	n/a	n/a	n/a	3730687	7	23333	7	2580	next	n/a	n/a	n/a	n/a
Picture	trial_start	other	n/a	n/a	n/a	3759188	1	667	7	0	next	n/a	n/a	n/a	n/a
Sound	19; 0; P; sounds//gram.wav	hit	2	9872	2	3759858	2	n/a	n/a	670	n/a	n/a	n/a	n/a	n/a
Picture	19; 30; P; pictures//nontarget//grass.jpg	miss	n/a	n/a	n/a	3759854	7	25833	7	580	next	n/a	n/a	n/a	n/a
Picture	trial_start	other	n/a	n/a	n/a	3790855	1	667	7	0	next	n/a	n/a	n/a	n/a
Sound	20; 0; UN_0; sounds//logic.wav	hit	3	6854	3	3791525	2	n/a	n/a	670	n/a	n/a	n/a	n/a	n/a
Picture	20; 10; UN_0; pictures//target//hammer.jpg	miss	n/a	n/a	n/a	3791521	7	28500	7	580	next	n/a	n/a	n/a	n/a
Picture	trial_start	other	n/a	n/a	n/a	3825188	1	667	7	0	next	n/a	n/a	n/a	n/a
Sound	21; 0; No; sounds//empty.wav	hit	3	7290	2	3825858	2	n/a	n/a	670	n/a	n/a	n/a	n/a	n/a
Picture	21; 50; No; pictures//target//sweater.jpeg	miss	n/a	n/a	n/a	3825855	7	25834	7	580	next	n/a	n/a	n/a	n/a
Picture	trial_start	other	n/a	n/a	n/a	3856855	1	2666	8	0	next	n/a	n/a	n/a	n/a
Sound	22; 45; C; sounds//buffalo.wav	hit	2	8713	2	3857525	1	n/a	n/a	670	n/a	n/a	n/a	n/a	n/a
Picture	22; 40; C; pictures//nontarget//cow.jpg	miss	n/a	n/a	n/a	3859521	8	22834	8	2580	next	n/a	n/a	n/a	n/a
Picture	trial_start	other	n/a	n/a	n/a	3887522	1	667	7	0	next	n/a	n/a	n/a	n/a
Sound	23; 0; UN_0; sounds//balance.wav	hit	3	8195	2	3888192	2	n/a	n/a	670	n/a	n/a	n/a	n/a	n/a
Picture	23; 10; UN_0; pictures//target//razor.jpg	miss	n/a	n/a	n/a	3888189	7	24834	7	580	next	n/a	n/a	n/a	n/a
Picture	trial_start	other	n/a	n/a	n/a	3918189	1	2667	7	0	next	n/a	n/a	n/a	n/a
Sound	24; 45; C; sounds//cat.wav	hit	3	13989	3	3918859	3	n/a	n/a	670	n/a	n/a	n/a	n/a	n/a
Picture	24; 40; C; pictures//target//tiger.jpg	miss	n/a	n/a	n/a	3920855	7	23500	7	2580	next	n/a	n/a	n/a	n/a
Picture	trial_start	other	n/a	n/a	n/a	3949522	1	667	7	0	next	n/a	n/a	n/a	n/a
Sound	25; 0; No; sounds//empty.wav	hit	2	7594	2	3950192	2	n/a	n/a	670	n/a	n/a	n/a	n/a	n/a
Picture	25; 50; No; pictures//nontarget//crown.jpeg	miss	n/a	n/a	n/a	3950189	7	25834	7	580	next	n/a	n/a	n/a	n/a
Picture	trial_start	other	n/a	n/a	n/a	3981189	1	2667	7	0	next	n/a	n/a	n/a	n/a
Sound	26; 45; C; sounds//horse.wav	hit	2	10686	2	3981859	2	n/a	n/a	670	n/a	n/a	n/a	n/a	n/a
Picture	26; 40; C; pictures//nontarget//zebra.jpg	miss	n/a	n/a	n/a	3983856	7	23000	8	2580	next	n/a	n/a	n/a	n/a
Picture	trial_start	other	n/a	n/a	n/a	4012023	1	667	7	0	next	n/a	n/a	n/a	n/a
Sound	27; 0; UN_0; sounds//school.wav	hit	2	11912	3	4012693	2	n/a	n/a	670	n/a	n/a	n/a	n/a	n/a
Picture	27; 10; UN_0; pictures//nontarget//vacuum.png	miss	n/a	n/a	n/a	4012690	7	25667	7	580	next	n/a	n/a	n/a	n/a
Picture	trial_start	other	n/a	n/a	n/a	4043523	1	2667	7	0	next	n/a	n/a	n/a	n/a
Sound	28; 25; UN_200; sounds//law.wav	hit	2	10740	2	4044193	2	n/a	n/a	670	n/a	n/a	n/a	n/a	n/a
Picture	28; 20; UN_200; pictures//nontarget//teabag.jpg	miss	n/a	n/a	n/a	4046190	7	22833	7	2580	next	n/a	n/a	n/a	n/a
Picture	trial_start	other	n/a	n/a	n/a	4074189	1	667	7	0	next	n/a	n/a	n/a	n/a
Sound	29; 0; No; sounds//empty.wav	hit	2	7944	2	4074859	2	n/a	n/a	670	n/a	n/a	n/a	n/a	n/a
Picture	29; 50; No; pictures//nontarget//gum.jpeg	miss	n/a	n/a	n/a	4074857	7	25834	7	580	next	n/a	n/a	n/a	n/a
Picture	trial_start	other	n/a	n/a	n/a	4105857	1	667	7	0	next	n/a	n/a	n/a	n/a
Sound	30; 0; UN_0; sounds//den.wav	hit	3	8047	2	4106527	2	n/a	n/a	670	n/a	n/a	n/a	n/a	n/a
Picture	30; 10; UN_0; pictures//target//eraser.jpg	miss	n/a	n/a	n/a	4106524	7	24500	13	580	next	n/a	n/a	n/a	n/a
Picture	0;222;blockend	other	n/a	n/a	n/a	4131024	7	167	13	0	next	n/a	n/a	n/a	n/a
Picture	2; run2_end	other	n/a	n/a	n/a	4131190	7	210004	7	0	next	n/a	n/a	n/a	n/a
