	Subject	Trial	Event Type	Code	trial_boolean(num)	condition_code(num)	condition_label(str)	Time	TTime	Uncertainty...10	Duration	Uncertainty...12	ReqTime	ReqDur	Stim Type	Pair Index
1	15434	1	Picture	0;11;localize	0	11	localize	160	0	1	203502	8	0	next	other	0
2	15434	1	Response	0	NA	NA	NA	203374	203213	1	NA	NA	NA	NA	NA	NA
3	15434	2	Picture	0;111;blockstart	0	111	blockstart	203662	0	8	167	8	0	next	other	0
4	15434	3	Picture	block_tar_pic	block_tar_pic	NA	NA	203830	0	1	50501	1	0	next	other	0
5	15434	3	Sound	block_tar_sound	block_tar_sound	NA	NA	203863	33	274	NA	NA	0	NA	other	0
6	15434	5	Picture	trial_start	trial_start	NA	NA	259497	0	1	667	7	0	next	other	0
7	15434	5	Picture	1; 30; P; pictures//nontarget//tray.jpeg	1	30	P	260164	667	7	24834	7	580	next	miss	0
8	15434	5	Sound	1; 0; P; sounds//tracer.wav	1	0	P	260167	670	1	NA	NA	670	NA	hit	9
9	15434	5	Response	21	NA	NA	NA	275809	16312	1	NA	NA	NA	NA	NA	NA
10	15434	7	Picture	trial_start	trial_start	NA	NA	290164	0	1	2667	7	0	next	other	0
11	15434	7	Sound	2; 45; C; sounds//disc.wav	2	45	C	290834	670	2	NA	NA	670	NA	hit	13
12	15434	7	Picture	2; 40; C; pictures//nontarget//frisbee.png	2	40	C	292831	2667	7	23667	7	2580	next	miss	0
13	15434	7	Response	21	NA	NA	NA	310998	20833	1	NA	NA	NA	NA	NA	NA
14	15434	9	Picture	trial_start	trial_start	NA	NA	321665	0	1	667	7	0	next	other	0
15	15434	9	Picture	3; 50; No; pictures//nontarget//chick.jpeg	3	50	No	322331	667	7	25834	7	580	next	miss	0
16	15434	9	Sound	3; 0; No; sounds//empty.wav	3	0	No	322335	670	2	NA	NA	670	NA	hit	17
17	15434	9	Response	21	NA	NA	NA	339288	17623	1	NA	NA	NA	NA	NA	NA
18	15434	11	Picture	trial_start	trial_start	NA	NA	353332	0	1	2667	7	0	next	other	0
19	15434	11	Sound	4; 45; C; sounds//chipmunk.wav	4	45	C	354002	670	1	NA	NA	670	NA	hit	21
20	15434	11	Picture	4; 40; C; pictures//target//squirrel.jpg	4	40	C	355998	2667	7	22834	7	2580	next	miss	0
21	15434	11	Response	11	NA	NA	NA	375547	22215	1	NA	NA	NA	NA	NA	NA
22	15434	13	Picture	trial_start	trial_start	NA	NA	383999	0	1	2667	7	0	next	other	0
23	15434	13	Sound	5; 25; UN_200; sounds//stadium.wav	5	25	UN_200	384669	670	1	NA	NA	670	NA	incorrect	25
24	15434	13	Picture	5; 20; UN_200; pictures//target//tail.jpeg	5	20	UN_200	386666	2667	7	22834	7	2580	next	miss	0
25	15434	13	Response	2	NA	NA	NA	404376	20377	1	NA	NA	NA	NA	NA	NA
26	15434	15	Picture	trial_start	trial_start	NA	NA	414666	0	1	667	7	0	next	other	0
27	15434	15	Picture	6; 10; UN_0; pictures//nontarget//plug.jpg	6	10	UN_0	415333	667	7	25667	7	580	next	miss	0
28	15434	15	Sound	6; 0; UN_0; sounds//oil.wav	6	0	UN_0	415336	670	2	NA	NA	670	NA	hit	29
29	15434	15	Response	21	NA	NA	NA	437736	23070	1	NA	NA	NA	NA	NA	NA
30	15434	17	Picture	trial_start	trial_start	NA	NA	446166	0	1	666	7	0	next	other	0
31	15434	17	Picture	7; 30; P; pictures//nontarget//sandwich.jpg	7	30	P	446833	666	7	24834	7	580	next	miss	0
32	15434	17	Sound	7; 0; P; sounds//sanity.wav	7	0	P	446836	670	2	NA	NA	670	NA	hit	33
33	15434	17	Response	21	NA	NA	NA	459025	12859	1	NA	NA	NA	NA	NA	NA
34	15434	19	Picture	trial_start	trial_start	NA	NA	476834	0	1	2667	7	0	next	other	0
35	15434	19	Sound	8; 45; C; sounds//torch.wav	8	45	C	477504	670	2	NA	NA	670	NA	incorrect	37
36	15434	19	Picture	8; 40; C; pictures//target//candle.jpg	8	40	C	479500	2667	7	25500	7	2580	next	miss	0
37	15434	19	Response	2	NA	NA	NA	498325	21492	1	NA	NA	NA	NA	NA	NA
38	15434	21	Picture	trial_start	trial_start	NA	NA	510167	0	1	667	7	0	next	other	0
39	15434	21	Picture	9; 50; No; pictures//nontarget//watch.jpeg	9	50	No	510834	667	7	25334	7	580	next	miss	0
40	15434	21	Sound	9; 0; No; sounds//empty.wav	9	0	No	510837	670	2	NA	NA	670	NA	hit	41
41	15434	21	Response	21	NA	NA	NA	529337	19170	1	NA	NA	NA	NA	NA	NA
42	15434	23	Picture	trial_start	trial_start	NA	NA	541334	0	1	667	7	0	next	other	0
43	15434	23	Picture	10; 10; UN_0; pictures//target//windmill.jpg	10	10	UN_0	542001	667	7	25000	7	580	next	miss	0
44	15434	23	Sound	10; 0; UN_0; sounds//hive.wav	10	0	UN_0	542004	670	2	NA	NA	670	NA	hit	45
45	15434	23	Response	11	NA	NA	NA	563754	22420	1	NA	NA	NA	NA	NA	NA
46	15434	25	Picture	trial_start	trial_start	NA	NA	572168	0	1	667	7	0	next	other	0
47	15434	25	Picture	11; 10; UN_0; pictures//nontarget//shelf.jpg	11	10	UN_0	572835	667	7	25167	7	580	next	miss	0
48	15434	25	Sound	11; 0; UN_0; sounds//palace.wav	11	0	UN_0	572838	670	1	NA	NA	670	NA	hit	49
49	15434	25	Response	21	NA	NA	NA	596295	24127	1	NA	NA	NA	NA	NA	NA
50	15434	27	Picture	trial_start	trial_start	NA	NA	603168	0	1	2667	7	0	next	other	0
51	15434	27	Sound	12; 25; UN_200; sounds//twin.wav	12	25	UN_200	603838	670	1	NA	NA	670	NA	hit	53
52	15434	27	Picture	12; 20; UN_200; pictures//nontarget//butterfly.jpg	12	20	UN_200	605835	2667	7	22834	7	2580	next	miss	0
53	15434	27	Response	21	NA	NA	NA	619822	16654	1	NA	NA	NA	NA	NA	NA
54	15434	29	Picture	trial_start	trial_start	NA	NA	633836	0	1	667	7	0	next	other	0
55	15434	29	Picture	13; 50; No; pictures//target//eggshell.jpeg	13	50	No	634502	667	7	26167	7	580	next	miss	0
56	15434	29	Sound	13; 0; No; sounds//empty.wav	13	0	No	634506	670	1	NA	NA	670	NA	hit	57
57	15434	29	Response	11	NA	NA	NA	652003	18167	1	NA	NA	NA	NA	NA	NA
58	15434	31	Picture	trial_start	trial_start	NA	NA	665836	0	1	2666	8	0	next	other	0
59	15434	31	Sound	14; 45; C; sounds//ribbon.wav	14	45	C	666506	670	2	NA	NA	670	NA	incorrect	61
60	15434	31	Picture	14; 40; C; pictures//target//medal.jpg	14	40	C	668502	2666	8	24334	8	2580	next	miss	0
61	15434	31	Response	2	NA	NA	NA	690193	24357	1	NA	NA	NA	NA	NA	NA
62	15434	33	Picture	trial_start	trial_start	NA	NA	698003	0	1	667	7	0	next	other	0
63	15434	33	Picture	15; 30; P; pictures//target//pool.jpg	15	30	P	698670	667	7	26167	7	580	next	miss	0
64	15434	33	Sound	15; 0; P; sounds//pooch.wav	15	0	P	698673	670	2	NA	NA	670	NA	hit	65
65	15434	33	Response	11	NA	NA	NA	711093	13090	1	NA	NA	NA	NA	NA	NA
66	15434	35	Picture	trial_start	trial_start	NA	NA	730004	0	1	2667	7	0	next	other	0
67	15434	35	Sound	16; 25; UN_200; sounds//quality.wav	16	25	UN_200	730674	670	1	NA	NA	670	NA	hit	69
68	15434	35	Picture	16; 20; UN_200; pictures//nontarget//Sheep.jpg	16	20	UN_200	732670	2667	7	23834	7	2580	next	miss	0
69	15434	35	Response	21	NA	NA	NA	746592	16588	1	NA	NA	NA	NA	NA	NA
70	15434	37	Picture	trial_start	trial_start	NA	NA	761671	0	1	666	8	0	next	other	0
71	15434	37	Picture	17; 10; UN_0; pictures//target//pencil.jpg	17	10	UN_0	762336	666	8	25001	8	580	next	miss	0
72	15434	37	Sound	17; 0; UN_0; sounds//caution.wav	17	0	UN_0	762341	670	2	NA	NA	670	NA	hit	73
73	15434	37	Response	11	NA	NA	NA	776091	14420	1	NA	NA	NA	NA	NA	NA
74	15434	39	Picture	trial_start	trial_start	NA	NA	792504	0	1	2667	7	0	next	other	0
75	15434	39	Sound	18; 25; UN_200; sounds//seminar.wav	18	25	UN_200	793175	670	2	NA	NA	670	NA	hit	77
76	15434	39	Picture	18; 20; UN_200; pictures//target//well.jpg	18	20	UN_200	795171	2667	7	23000	7	2580	next	miss	0
77	15434	39	Response	11	NA	NA	NA	807312	14807	1	NA	NA	NA	NA	NA	NA
78	15434	41	Picture	trial_start	trial_start	NA	NA	823338	0	1	2667	7	0	next	other	0
79	15434	41	Sound	19; 25; UN_200; sounds//voyage.wav	19	25	UN_200	824008	670	2	NA	NA	670	NA	hit	81
80	15434	41	Picture	19; 20; UN_200; pictures//target//Bull.jpg	19	20	UN_200	826005	2667	7	22834	7	2580	next	miss	0
81	15434	41	Response	11	NA	NA	NA	842682	19344	1	NA	NA	NA	NA	NA	NA
82	15434	43	Picture	trial_start	trial_start	NA	NA	854005	0	1	667	7	0	next	other	0
83	15434	43	Picture	20; 10; UN_0; pictures//nontarget//ashtray.png	20	10	UN_0	854672	667	7	28501	7	580	next	miss	0
84	15434	43	Sound	20; 0; UN_0; sounds//saint.wav	20	0	UN_0	854675	670	1	NA	NA	670	NA	hit	85
85	15434	43	Response	21	NA	NA	NA	876010	22005	1	NA	NA	NA	NA	NA	NA
86	15434	45	Picture	trial_start	trial_start	NA	NA	888339	0	1	667	7	0	next	other	0
87	15434	45	Picture	21; 50; No; pictures//target//nail.jpeg	21	50	No	889006	667	7	24834	7	580	next	miss	0
88	15434	45	Sound	21; 0; No; sounds//empty.wav	21	0	No	889009	670	2	NA	NA	670	NA	incorrect	89
89	15434	45	Response	2	NA	NA	NA	901020	12681	1	NA	NA	NA	NA	NA	NA
90	15434	47	Picture	trial_start	trial_start	NA	NA	919006	0	1	667	7	0	next	other	0
91	15434	47	Picture	22; 50; No; pictures//target//pineapple.jpeg	22	50	No	919673	667	7	25500	7	580	next	miss	0
92	15434	47	Sound	22; 0; No; sounds//empty.wav	22	0	No	919676	670	2	NA	NA	670	NA	hit	93
93	15434	47	Response	11	NA	NA	NA	929151	10145	1	NA	NA	NA	NA	NA	NA
94	15434	49	Picture	trial_start	trial_start	NA	NA	950340	0	1	2667	7	0	next	other	0
95	15434	49	Sound	23; 45; C; sounds//squid.wav	23	45	C	951010	670	1	NA	NA	670	NA	hit	97
96	15434	49	Picture	23; 40; C; pictures//nontarget//Jellyfish.jpg	23	40	C	953007	2667	7	22834	7	2580	next	miss	0
97	15434	49	Response	21	NA	NA	NA	972078	21738	1	NA	NA	NA	NA	NA	NA
98	15434	51	Picture	trial_start	trial_start	NA	NA	981007	0	1	667	7	0	next	other	0
99	15434	51	Picture	24; 30; P; pictures//target//tunnel.jpg	24	30	P	981674	667	7	24834	7	580	next	miss	0
100	15434	51	Sound	24; 0; P; sounds//touch.wav	24	0	P	981677	670	2	NA	NA	670	NA	hit	101
101	15434	51	Response	11	NA	NA	NA	994138	13132	1	NA	NA	NA	NA	NA	NA
102	15434	53	Picture	trial_start	trial_start	NA	NA	1011674	0	1	667	7	0	next	other	0
103	15434	53	Picture	25; 30; P; pictures//target//bagel.png	25	30	P	1012341	667	7	24834	7	580	next	miss	0
104	15434	53	Sound	25; 0; P; sounds//baseline.wav	25	0	P	1012345	670	2	NA	NA	670	NA	hit	105
105	15434	53	Response	11	NA	NA	NA	1023187	11513	1	NA	NA	NA	NA	NA	NA
106	15434	55	Picture	trial_start	trial_start	NA	NA	1042341	0	1	2667	7	0	next	other	0
107	15434	55	Sound	26; 25; UN_200; sounds//outcome.wav	26	25	UN_200	1043011	670	1	NA	NA	670	NA	hit	109
108	15434	55	Picture	26; 20; UN_200; pictures//nontarget//earring.png	26	20	UN_200	1045008	2667	7	23000	7	2580	next	miss	0
109	15434	55	Response	21	NA	NA	NA	1063278	20937	1	NA	NA	NA	NA	NA	NA
110	15434	57	Picture	trial_start	trial_start	NA	NA	1073175	0	1	2667	7	0	next	other	0
111	15434	57	Sound	27; 45; C; sounds//broom.wav	27	45	C	1073845	670	1	NA	NA	670	NA	hit	113
112	15434	57	Picture	27; 40; C; pictures//nontarget//mop.jpg	27	40	C	1075842	2667	7	23334	7	2580	next	miss	0
113	15434	57	Response	21	NA	NA	NA	1096338	23163	1	NA	NA	NA	NA	NA	NA
114	15434	59	Picture	trial_start	trial_start	NA	NA	1104341	0	1	667	7	0	next	other	0
115	15434	59	Picture	28; 50; No; pictures//nontarget//ginger.jpeg	28	50	No	1105009	667	7	24834	7	580	next	miss	0
116	15434	59	Sound	28; 0; No; sounds//empty.wav	28	0	No	1105011	670	2	NA	NA	670	NA	hit	117
117	15434	59	Response	21	NA	NA	NA	1117476	13135	1	NA	NA	NA	NA	NA	NA
118	15434	61	Picture	trial_start	trial_start	NA	NA	1135009	0	1	667	7	0	next	other	0
119	15434	61	Picture	29; 10; UN_0; pictures//target//shell.jpg	29	10	UN_0	1135676	667	7	25167	7	580	next	miss	0
120	15434	61	Sound	29; 0; UN_0; sounds//airport.wav	29	0	UN_0	1135679	670	2	NA	NA	670	NA	hit	121
121	15434	61	Response	11	NA	NA	NA	1151555	16546	1	NA	NA	NA	NA	NA	NA
122	15434	63	Picture	trial_start	trial_start	NA	NA	1166010	0	1	667	7	0	next	other	0
123	15434	63	Picture	30; 30; P; pictures//nontarget//crutch.jpg	30	30	P	1166676	667	7	24500	13	580	next	miss	0
124	15434	63	Sound	30; 0; P; sounds//crust.wav	30	0	P	1166680	670	2	NA	NA	670	NA	hit	125
125	15434	63	Response	21	NA	NA	NA	1182307	16298	1	NA	NA	NA	NA	NA	NA
126	15434	64	Picture	0;222;blockend	0	222	blockend	1191176	0	7	333	13	0	next	other	0
127	15434	65	Picture	0;111;blockstart	0	111	blockstart	1191510	0	7	167	7	0	next	other	0
128	15434	66	Picture	block_tar_pic	block_tar_pic	NA	NA	1191676	0	1	51501	1	0	next	other	0
129	15434	66	Sound	block_tar_sound	block_tar_sound	NA	NA	1191683	6	1	NA	NA	0	NA	other	0
130	15434	68	Picture	trial_start	trial_start	NA	NA	1248344	0	1	667	7	0	next	other	0
131	15434	68	Picture	1; 10; UN_0; pictures//target//dolphin.jpg	1	10	UN_0	1249011	667	7	25000	7	580	next	miss	0
132	15434	68	Sound	1; 0; UN_0; sounds//sale.wav	1	0	UN_0	1249014	670	2	NA	NA	670	NA	hit	133
133	15434	68	Response	11	NA	NA	NA	1270595	22252	1	NA	NA	NA	NA	NA	NA
134	15434	70	Picture	trial_start	trial_start	NA	NA	1279178	0	1	667	7	0	next	other	0
135	15434	70	Picture	2; 30; P; pictures//nontarget//statue.jpg	2	30	P	1279844	667	7	25000	7	580	next	miss	0
136	15434	70	Sound	2; 0; P; sounds//status.wav	2	0	P	1279848	670	2	NA	NA	670	NA	hit	137
137	15434	70	Response	21	NA	NA	NA	1291954	12777	1	NA	NA	NA	NA	NA	NA
138	15434	72	Picture	trial_start	trial_start	NA	NA	1310011	0	1	2667	7	0	next	other	0
139	15434	72	Sound	3; 25; UN_200; sounds//race.wav	3	25	UN_200	1310681	670	1	NA	NA	670	NA	hit	141
140	15434	72	Picture	3; 20; UN_200; pictures//target//skeleton.jpg	3	20	UN_200	1312678	2667	7	23334	7	2580	next	miss	0
141	15434	72	Response	11	NA	NA	NA	1324246	14234	1	NA	NA	NA	NA	NA	NA
142	15434	74	Picture	trial_start	trial_start	NA	NA	1341178	0	1	667	7	0	next	other	0
143	15434	74	Picture	4; 30; P; pictures//target//fountain.jpg	4	30	P	1341845	667	7	24834	7	580	next	miss	0
144	15434	74	Sound	4; 0; P; sounds//founder.wav	4	0	P	1341849	670	2	NA	NA	670	NA	hit	145
145	15434	74	Response	11	NA	NA	NA	1362763	21585	1	NA	NA	NA	NA	NA	NA
146	15434	76	Picture	trial_start	trial_start	NA	NA	1371845	0	1	667	7	0	next	other	0
147	15434	76	Picture	5; 50; No; pictures//target//balloon.jpeg	5	50	No	1372512	667	7	25000	7	580	next	miss	0
148	15434	76	Sound	5; 0; No; sounds//empty.wav	5	0	No	1372516	670	2	NA	NA	670	NA	hit	149
149	15434	76	Response	11	NA	NA	NA	1385672	13827	1	NA	NA	NA	NA	NA	NA
150	15434	78	Picture	trial_start	trial_start	NA	NA	1402679	0	1	2667	7	0	next	other	0
151	15434	78	Sound	6; 25; UN_200; sounds//breath.wav	6	25	UN_200	1403349	670	2	NA	NA	670	NA	miss	0
152	15434	78	Picture	6; 20; UN_200; pictures//nontarget//arm.png	6	20	UN_200	1405346	2667	7	24000	7	2580	next	miss	0
153	15434	78	Response	2	NA	NA	NA	1427680	25001	1482	NA	NA	NA	NA	NA	NA
154	15434	80	Picture	trial_start	trial_start	NA	NA	1434513	0	1	667	7	0	next	other	0
155	15434	80	Picture	7; 30; P; pictures//target//iron.jpg	7	30	P	1435180	667	7	24834	7	580	next	miss	0
156	15434	80	Sound	7; 0; P; sounds//Ireland.wav	7	0	P	1435183	670	2	NA	NA	670	NA	hit	157
157	15434	80	Response	11	NA	NA	NA	1453271	18758	1	NA	NA	NA	NA	NA	NA
158	15434	82	Picture	trial_start	trial_start	NA	NA	1465180	0	1	667	7	0	next	other	0
159	15434	82	Picture	8; 30; P; pictures//nontarget//mosquito.jpg	8	30	P	1465847	667	7	25334	7	580	next	miss	0
160	15434	82	Sound	8; 0; P; sounds//mistake.wav	8	0	P	1465850	670	2	NA	NA	670	NA	hit	161
161	15434	82	Response	21	NA	NA	NA	1486632	21451	1	NA	NA	NA	NA	NA	NA
162	15434	84	Picture	trial_start	trial_start	NA	NA	1496347	0	1	667	7	0	next	other	0
163	15434	84	Picture	9; 10; UN_0; pictures//nontarget//swing.jpg	9	10	UN_0	1497014	667	7	24834	7	580	next	miss	0
164	15434	84	Sound	9; 0; UN_0; sounds//frost.wav	9	0	UN_0	1497017	670	2	NA	NA	670	NA	hit	165
165	15434	84	Response	21	NA	NA	NA	1513322	16975	1	NA	NA	NA	NA	NA	NA
166	15434	86	Picture	trial_start	trial_start	NA	NA	1527014	0	1	667	7	0	next	other	0
167	15434	86	Picture	10; 50; No; pictures//target//phone.jpeg	10	50	No	1527681	667	7	26167	7	580	next	miss	0
168	15434	86	Sound	10; 0; No; sounds//empty.wav	10	0	No	1527684	670	2	NA	NA	670	NA	miss	0
169	15434	87	Response	2	NA	NA	NA	1554851	1003	1	NA	NA	NA	NA	NA	NA
170	15434	88	Picture	trial_start	trial_start	NA	NA	1559015	0	1	2667	7	0	next	other	0
171	15434	88	Sound	11; 45; C; sounds//squash.wav	11	45	C	1559685	670	1	NA	NA	670	NA	incorrect	173
172	15434	88	Picture	11; 40; C; pictures//target//Pumpkin.jpg	11	40	C	1561681	2667	7	23000	7	2580	next	miss	0
173	15434	88	Response	2	NA	NA	NA	1582051	23036	1	NA	NA	NA	NA	NA	NA
174	15434	90	Picture	trial_start	trial_start	NA	NA	1589848	0	1	2667	7	0	next	other	0
175	15434	90	Sound	12; 45; C; sounds//planet.wav	12	45	C	1590518	670	2	NA	NA	670	NA	hit	177
176	15434	90	Picture	12; 40; C; pictures//target//moon.jpg	12	40	C	1592515	2667	7	22834	7	2580	next	miss	0
177	15434	90	Response	11	NA	NA	NA	1606911	17062	1	NA	NA	NA	NA	NA	NA
178	15434	92	Picture	trial_start	trial_start	NA	NA	1620516	0	1	2667	7	0	next	other	0
179	15434	92	Sound	13; 45; C; sounds//beard.wav	13	45	C	1621186	670	2	NA	NA	670	NA	hit	181
180	15434	92	Picture	13; 40; C; pictures//nontarget//mustache.png	13	40	C	1623182	2667	7	22833	7	2580	next	miss	0
181	15434	92	Response	21	NA	NA	NA	1638252	17736	1	NA	NA	NA	NA	NA	NA
182	15434	94	Picture	trial_start	trial_start	NA	NA	1651183	0	1	2667	7	0	next	other	0
183	15434	94	Sound	14; 25; UN_200; sounds//material.wav	14	25	UN_200	1651853	670	2	NA	NA	670	NA	hit	185
184	15434	94	Picture	14; 20; UN_200; pictures//nontarget//dog.png	14	20	UN_200	1653849	2667	7	24500	7	2580	next	miss	0
185	15434	94	Response	21	NA	NA	NA	1667610	16427	1	NA	NA	NA	NA	NA	NA
186	15434	96	Picture	trial_start	trial_start	NA	NA	1683516	0	1	667	7	0	next	other	0
187	15434	96	Picture	15; 10; UN_0; pictures//target//button.jpg	15	10	UN_0	1684183	667	7	24834	7	580	next	miss	0
188	15434	96	Sound	15; 0; UN_0; sounds//oval.wav	15	0	UN_0	1684186	670	2	NA	NA	670	NA	incorrect	189
189	15434	96	Response	2	NA	NA	NA	1706821	23305	1	NA	NA	NA	NA	NA	NA
190	15434	98	Picture	trial_start	trial_start	NA	NA	1714183	0	1	667	7	0	next	other	0
191	15434	98	Picture	16; 50; No; pictures//nontarget//waffle.jpeg	16	50	No	1714850	667	7	25334	7	580	next	miss	0
192	15434	98	Sound	16; 0; No; sounds//empty.wav	16	0	No	1714853	670	2	NA	NA	670	NA	hit	193
193	15434	98	Response	21	NA	NA	NA	1727899	13715	1	NA	NA	NA	NA	NA	NA
194	15434	100	Picture	trial_start	trial_start	NA	NA	1745351	0	1	667	7	0	next	other	0
195	15434	100	Picture	17; 10; UN_0; pictures//nontarget//beach.jpg	17	10	UN_0	1746017	667	7	24833	7	580	next	miss	0
196	15434	100	Sound	17; 0; UN_0; sounds//wage.wav	17	0	UN_0	1746021	670	2	NA	NA	670	NA	hit	197
197	15434	100	Response	21	NA	NA	NA	1758768	13418	1	NA	NA	NA	NA	NA	NA
198	15434	102	Picture	trial_start	trial_start	NA	NA	1776018	0	1	667	7	0	next	other	0
199	15434	102	Picture	18; 30; P; pictures//nontarget//tooth.jpg	18	30	P	1776684	667	7	24834	7	580	next	miss	0
200	15434	102	Sound	18; 0; P; sounds//tour.wav	18	0	P	1776688	670	2	NA	NA	670	NA	hit	201
201	15434	102	Response	21	NA	NA	NA	1788097	12080	1	NA	NA	NA	NA	NA	NA
202	15434	104	Picture	trial_start	trial_start	NA	NA	1806685	0	1	667	7	0	next	other	0
203	15434	104	Picture	19; 10; UN_0; pictures//nontarget//leg.jpg	19	10	UN_0	1807351	667	7	30500	7	580	next	miss	0
204	15434	104	Sound	19; 0; UN_0; sounds//gap.wav	19	0	UN_0	1807355	670	2	NA	NA	670	NA	miss	0
205	15434	104	Response	2	NA	NA	NA	1831685	25001	5987	NA	NA	NA	NA	NA	NA
206	15434	106	Picture	trial_start	trial_start	NA	NA	1843019	0	1	667	7	0	next	other	0
207	15434	106	Picture	20; 50; No; pictures//nontarget//pearl.jpeg	20	50	No	1843685	667	7	25167	7	580	next	miss	0
208	15434	106	Sound	20; 0; No; sounds//empty.wav	20	0	No	1843689	670	2	NA	NA	670	NA	hit	209
209	15434	106	Response	21	NA	NA	NA	1865957	22938	1	NA	NA	NA	NA	NA	NA
210	15434	108	Picture	trial_start	trial_start	NA	NA	1874019	0	1	2667	7	0	next	other	0
211	15434	108	Sound	21; 45; C; sounds//chips.wav	21	45	C	1874689	670	2	NA	NA	670	NA	hit	213
212	15434	108	Picture	21; 40; C; pictures//target//popcorn.jpg	21	40	C	1876686	2667	7	23167	7	2580	next	miss	0
213	15434	108	Response	11	NA	NA	NA	1884658	10639	1	NA	NA	NA	NA	NA	NA
214	15434	110	Picture	trial_start	trial_start	NA	NA	1905019	0	1	2667	7	0	next	other	0
215	15434	110	Sound	22; 25; UN_200; sounds//energy.wav	22	25	UN_200	1905689	670	2	NA	NA	670	NA	hit	217
216	15434	110	Picture	22; 20; UN_200; pictures//nontarget//lava.png	22	20	UN_200	1907686	2667	7	22834	7	2580	next	miss	0
217	15434	110	Response	21	NA	NA	NA	1922405	17386	1	NA	NA	NA	NA	NA	NA
218	15434	112	Picture	trial_start	trial_start	NA	NA	1935686	0	1	2667	7	0	next	other	0
219	15434	112	Sound	23; 45; C; sounds//hill.wav	23	45	C	1936356	670	2	NA	NA	670	NA	miss	0
220	15434	112	Picture	23; 40; C; pictures//nontarget//volcano.jpeg	23	40	C	1938353	2667	7	23834	7	2580	next	miss	0
221	15434	112	Response	2	NA	NA	NA	1960687	25001	1338	NA	NA	NA	NA	NA	NA
222	15434	114	Picture	trial_start	trial_start	NA	NA	1967354	0	1	2667	7	0	next	other	0
223	15434	114	Sound	24; 25; UN_200; sounds//model.wav	24	25	UN_200	1968024	670	1	NA	NA	670	NA	hit	225
224	15434	114	Picture	24; 20; UN_200; pictures//target//penguin.jpg	24	20	UN_200	1970020	2667	7	22834	7	2580	next	miss	0
225	15434	114	Response	11	NA	NA	NA	1980834	13480	1	NA	NA	NA	NA	NA	NA
226	15434	116	Picture	trial_start	trial_start	NA	NA	1998021	0	1	667	7	0	next	other	0
227	15434	116	Picture	25; 50; No; pictures//target//cane.jpeg	25	50	No	1998687	667	7	24834	7	580	next	miss	0
228	15434	116	Sound	25; 0; No; sounds//empty.wav	25	0	No	1998691	670	2	NA	NA	670	NA	incorrect	229
229	15434	116	Response	2	NA	NA	NA	2014505	16484	1	NA	NA	NA	NA	NA	NA
230	15434	118	Picture	trial_start	trial_start	NA	NA	2028688	0	1	2667	7	0	next	other	0
231	15434	118	Sound	26; 25; UN_200; sounds//sheet.wav	26	25	UN_200	2029358	670	3	NA	NA	670	NA	hit	233
232	15434	118	Picture	26; 20; UN_200; pictures//target//oven.jpg	26	20	UN_200	2031354	2667	7	24167	7	2580	next	miss	0
233	15434	118	Response	11	NA	NA	NA	2050155	21468	1	NA	NA	NA	NA	NA	NA
234	15434	120	Picture	trial_start	trial_start	NA	NA	2060688	0	1	2667	7	0	next	other	0
235	15434	120	Sound	27; 45; C; sounds//fence.wav	27	45	C	2061358	670	1	NA	NA	670	NA	hit	237
236	15434	120	Picture	27; 40; C; pictures//nontarget//crib.jpg	27	40	C	2063355	2667	7	24334	7	2580	next	miss	0
237	15434	120	Response	21	NA	NA	NA	2082443	21755	1	NA	NA	NA	NA	NA	NA
238	15434	122	Picture	trial_start	trial_start	NA	NA	2092855	0	1	667	7	0	next	other	0
239	15434	122	Picture	28; 10; UN_0; pictures//target//apron.jpg	28	10	UN_0	2093522	667	7	26500	7	580	next	miss	0
240	15434	122	Sound	28; 0; UN_0; sounds//layer.wav	28	0	UN_0	2093525	670	2	NA	NA	670	NA	hit	241
241	15434	122	Response	11	NA	NA	NA	2106304	13448	1	NA	NA	NA	NA	NA	NA
242	15434	124	Picture	trial_start	trial_start	NA	NA	2125189	0	1	667	7	0	next	other	0
243	15434	124	Picture	29; 30; P; pictures//target//chain.jpg	29	30	P	2125856	667	7	24834	7	580	next	miss	0
244	15434	124	Sound	29; 0; P; sounds//chamber.wav	29	0	P	2125859	670	2	NA	NA	670	NA	hit	245
245	15434	124	Response	11	NA	NA	NA	2142023	16834	2	NA	NA	NA	NA	NA	NA
246	15434	126	Picture	trial_start	trial_start	NA	NA	2155856	0	1	667	7	0	next	other	0
247	15434	126	Picture	30; 50; No; pictures//nontarget//football.jpeg	30	50	No	2156523	667	7	24500	13	580	next	miss	0
248	15434	126	Sound	30; 0; No; sounds//empty.wav	30	0	No	2156526	670	2	NA	NA	670	NA	hit	249
249	15434	126	Response	21	NA	NA	NA	2173194	17338	1	NA	NA	NA	NA	NA	NA
250	15434	127	Picture	0;222;blockend	0	222	blockend	2181023	0	7	167	13	0	next	other	0
251	15434	128	Picture	0;111;blockstart	0	111	blockstart	2181190	0	7	167	7	0	next	other	0
252	15434	129	Picture	block_tar_pic	block_tar_pic	NA	NA	2181356	0	1	51501	1	0	next	other	0
253	15434	129	Sound	block_tar_sound	block_tar_sound	NA	NA	2181363	7	1	NA	NA	0	NA	other	0
254	15434	131	Picture	trial_start	trial_start	NA	NA	2238024	0	1	2667	7	0	next	other	0
255	15434	131	Sound	1; 45; C; sounds//shampoo.wav	1	45	C	2238694	670	2	NA	NA	670	NA	hit	257
256	15434	131	Picture	1; 40; C; pictures//nontarget//soap.jpg	1	40	C	2240691	2667	7	24000	7	2580	next	miss	0
257	15434	131	Response	21	NA	NA	NA	2259663	21639	1	NA	NA	NA	NA	NA	NA
258	15434	133	Picture	trial_start	trial_start	NA	NA	2269858	0	1	667	7	0	next	other	0
259	15434	133	Picture	2; 10; UN_0; pictures//target//violin.jpg	2	10	UN_0	2270524	667	7	26167	7	580	next	miss	0
260	15434	133	Sound	2; 0; UN_0; sounds//site.wav	2	0	UN_0	2270528	670	2	NA	NA	670	NA	hit	261
261	15434	133	Response	11	NA	NA	NA	2283003	13145	1	NA	NA	NA	NA	NA	NA
262	15434	135	Picture	trial_start	trial_start	NA	NA	2301858	0	1	2667	7	0	next	other	0
263	15434	135	Sound	3; 45; C; sounds//blower.wav	3	45	C	2302528	670	2	NA	NA	670	NA	hit	265
264	15434	135	Picture	3; 40; C; pictures//target//fan.jpg	3	40	C	2304525	2667	7	23167	7	2580	next	miss	0
265	15434	135	Response	11	NA	NA	NA	2318781	16923	1	NA	NA	NA	NA	NA	NA
266	15434	137	Picture	trial_start	trial_start	NA	NA	2332858	0	1	667	7	0	next	other	0
267	15434	137	Picture	4; 30; P; pictures//nontarget//cup.jpg	4	30	P	2333525	667	7	26000	7	580	next	miss	0
268	15434	137	Sound	4; 0; P; sounds//custom.wav	4	0	P	2333528	670	1	NA	NA	670	NA	hit	269
269	15434	137	Response	21	NA	NA	NA	2347849	14991	1	NA	NA	NA	NA	NA	NA
270	15434	139	Picture	trial_start	trial_start	NA	NA	2364692	0	1	2667	7	0	next	other	0
271	15434	139	Sound	5; 25; UN_200; sounds//curve.wav	5	25	UN_200	2365362	670	2	NA	NA	670	NA	hit	273
272	15434	139	Picture	5; 20; UN_200; pictures//target//Onion.jpg	5	20	UN_200	2367359	2667	7	22834	7	2580	next	miss	0
273	15434	139	Response	11	NA	NA	NA	2380529	15836	1	NA	NA	NA	NA	NA	NA
274	15434	141	Picture	trial_start	trial_start	NA	NA	2395359	0	1	667	7	0	next	other	0
275	15434	141	Picture	6; 50; No; pictures//nontarget//pacifier.jpeg	6	50	No	2396026	667	7	25834	7	580	next	miss	0
276	15434	141	Sound	6; 0; No; sounds//empty.wav	6	0	No	2396029	670	2	NA	NA	670	NA	hit	277
277	15434	141	Response	21	NA	NA	NA	2410289	14930	1	NA	NA	NA	NA	NA	NA
278	15434	143	Picture	trial_start	trial_start	NA	NA	2427026	0	1	2667	7	0	next	other	0
279	15434	143	Sound	7; 25; UN_200; sounds//college.wav	7	25	UN_200	2427696	670	2	NA	NA	670	NA	hit	281
280	15434	143	Picture	7; 20; UN_200; pictures//nontarget//blueberry.jpg	7	20	UN_200	2429693	2667	7	22834	7	2580	next	miss	0
281	15434	143	Response	21	NA	NA	NA	2445350	18323	1	NA	NA	NA	NA	NA	NA
282	15434	145	Picture	trial_start	trial_start	NA	NA	2457693	0	1	667	7	0	next	other	0
283	15434	145	Picture	8; 10; UN_0; pictures//target//horn.png	8	10	UN_0	2458360	667	7	27334	7	580	next	miss	0
284	15434	145	Sound	8; 0; UN_0; sounds//savior.wav	8	0	UN_0	2458363	670	2	NA	NA	670	NA	hit	285
285	15434	145	Response	11	NA	NA	NA	2478428	20735	1	NA	NA	NA	NA	NA	NA
286	15434	147	Picture	trial_start	trial_start	NA	NA	2490861	0	1	667	7	0	next	other	0
287	15434	147	Picture	9; 50; No; pictures//target//train.jpeg	9	50	No	2491527	667	7	25167	7	580	next	miss	0
288	15434	147	Sound	9; 0; No; sounds//empty.wav	9	0	No	2491531	670	2	NA	NA	670	NA	hit	289
289	15434	147	Response	11	NA	NA	NA	2511509	20648	1	NA	NA	NA	NA	NA	NA
290	15434	149	Picture	trial_start	trial_start	NA	NA	2521861	0	1	667	7	0	next	other	0
291	15434	149	Picture	10; 10; UN_0; pictures//nontarget//mummy.png	10	10	UN_0	2522528	667	7	25000	7	580	next	miss	0
292	15434	149	Sound	10; 0; UN_0; sounds//skill.wav	10	0	UN_0	2522531	670	2	NA	NA	670	NA	hit	293
293	15434	149	Response	21	NA	NA	NA	2543648	21786	1	NA	NA	NA	NA	NA	NA
294	15434	151	Picture	trial_start	trial_start	NA	NA	2552695	0	1	2667	7	0	next	other	0
295	15434	151	Sound	11; 25; UN_200; sounds//bill.wav	11	25	UN_200	2553365	670	1	NA	NA	670	NA	miss	0
296	15434	151	Picture	11; 20; UN_200; pictures//nontarget//mousetrap.jpg	11	20	UN_200	2555361	2667	7	24000	7	2580	next	miss	0
297	15434	151	Response	2	NA	NA	NA	2577695	25001	1473	NA	NA	NA	NA	NA	NA
298	15434	153	Picture	trial_start	trial_start	NA	NA	2584529	0	1	667	7	0	next	other	0
299	15434	153	Picture	12; 30; P; pictures//target//cannon.jpg	12	30	P	2585195	667	7	25167	7	580	next	miss	0
300	15434	153	Sound	12; 0; P; sounds//candidate.wav	12	0	P	2585199	670	2	NA	NA	670	NA	hit	301
301	15434	153	Response	11	NA	NA	NA	2607676	23148	1	NA	NA	NA	NA	NA	NA
302	15434	155	Picture	trial_start	trial_start	NA	NA	2615529	0	1	2667	7	0	next	other	0
303	15434	155	Sound	13; 25; UN_200; sounds//card.wav	13	25	UN_200	2616199	670	2	NA	NA	670	NA	hit	305
304	15434	155	Picture	13; 20; UN_200; pictures//nontarget//egg.jpg	13	20	UN_200	2618196	2667	7	24000	7	2580	next	miss	0
305	15434	155	Response	21	NA	NA	NA	2635387	19858	1	NA	NA	NA	NA	NA	NA
306	15434	157	Picture	trial_start	trial_start	NA	NA	2647363	0	1	667	7	0	next	other	0
307	15434	157	Picture	14; 30; P; pictures//target//lemon.jpg	14	30	P	2648029	667	7	25834	7	580	next	miss	0
308	15434	157	Sound	14; 0; P; sounds//legend.wav	14	0	P	2648033	670	2	NA	NA	670	NA	hit	309
309	15434	157	Response	11	NA	NA	NA	2658636	11274	1	NA	NA	NA	NA	NA	NA
310	15434	159	Picture	trial_start	trial_start	NA	NA	2679030	0	1	2667	7	0	next	other	0
311	15434	159	Sound	15; 45; C; sounds//tea.wav	15	45	C	2679700	670	1	NA	NA	670	NA	hit	313
312	15434	159	Picture	15; 40; C; pictures//nontarget//coffee.jpg	15	40	C	2681696	2667	7	23000	7	2580	next	miss	0
313	15434	159	Response	21	NA	NA	NA	2701546	22516	1	NA	NA	NA	NA	NA	NA
314	15434	161	Picture	trial_start	trial_start	NA	NA	2709864	0	1	667	7	0	next	other	0
315	15434	161	Picture	16; 30; P; pictures//target//clown.jpg	16	30	P	2710530	667	7	25000	7	580	next	miss	0
316	15434	161	Sound	16; 0; P; sounds//cloud.wav	16	0	P	2710534	670	1	NA	NA	670	NA	hit	317
317	15434	161	Response	11	NA	NA	NA	2721097	11234	1	NA	NA	NA	NA	NA	NA
318	15434	163	Picture	trial_start	trial_start	NA	NA	2740697	0	1	667	7	0	next	other	0
319	15434	163	Picture	17; 50; No; pictures//nontarget//wheel.jpeg	17	50	No	2741364	667	7	26834	7	580	next	miss	0
320	15434	163	Sound	17; 0; No; sounds//empty.wav	17	0	No	2741367	670	2	NA	NA	670	NA	hit	321
321	15434	163	Response	21	NA	NA	NA	2759177	18479	1	NA	NA	NA	NA	NA	NA
322	15434	165	Picture	trial_start	trial_start	NA	NA	2773364	0	1	667	7	0	next	other	0
323	15434	165	Picture	18; 10; UN_0; pictures//target//corn.png	18	10	UN_0	2774031	667	7	25667	7	580	next	miss	0
324	15434	165	Sound	18; 0; UN_0; sounds//fallacy.wav	18	0	UN_0	2774034	670	1	NA	NA	670	NA	hit	325
325	15434	165	Response	11	NA	NA	NA	2783244	9880	1	NA	NA	NA	NA	NA	NA
326	15434	167	Picture	trial_start	trial_start	NA	NA	2804865	0	1	2667	7	0	next	other	0
327	15434	167	Sound	19; 25; UN_200; sounds//orthodox.wav	19	25	UN_200	2805535	670	2	NA	NA	670	NA	hit	329
328	15434	167	Picture	19; 20; UN_200; pictures//target//spoon.jpg	19	20	UN_200	2807532	2667	7	23000	7	2580	next	miss	0
329	15434	167	Response	11	NA	NA	NA	2820654	15789	1	NA	NA	NA	NA	NA	NA
330	15434	169	Picture	trial_start	trial_start	NA	NA	2835699	0	1	2667	7	0	next	other	0
331	15434	169	Sound	20; 25; UN_200; sounds//pillow.wav	20	25	UN_200	2836369	670	2	NA	NA	670	NA	hit	333
332	15434	169	Picture	20; 20; UN_200; pictures//target//brain.jpg	20	20	UN_200	2838365	2667	7	25334	7	2580	next	miss	0
333	15434	169	Response	11	NA	NA	NA	2849074	13375	2	NA	NA	NA	NA	NA	NA
334	15434	171	Picture	trial_start	trial_start	NA	NA	2868866	0	1	667	7	0	next	other	0
335	15434	171	Picture	21; 50; No; pictures//target//lion.jpeg	21	50	No	2869532	667	7	25000	7	580	next	miss	0
336	15434	171	Sound	21; 0; No; sounds//empty.wav	21	0	No	2869536	670	2	NA	NA	670	NA	hit	337
337	15434	171	Response	11	NA	NA	NA	2878353	9487	1	NA	NA	NA	NA	NA	NA
338	15434	173	Picture	trial_start	trial_start	NA	NA	2899699	0	1	667	7	0	next	other	0
339	15434	173	Picture	22; 30; P; pictures//nontarget//drum.png	22	30	P	2900366	667	7	25834	7	580	next	miss	0
340	15434	173	Sound	22; 0; P; sounds//drug.wav	22	0	P	2900369	670	2	NA	NA	670	NA	hit	341
341	15434	173	Response	21	NA	NA	NA	2910913	11213	1	NA	NA	NA	NA	NA	NA
342	15434	175	Picture	trial_start	trial_start	NA	NA	2931367	0	1	2667	7	0	next	other	0
343	15434	175	Sound	23; 45; C; sounds//ham.wav	23	45	C	2932037	670	2	NA	NA	670	NA	hit	345
344	15434	175	Picture	23; 40; C; pictures//target//bacon.jpg	23	40	C	2934033	2667	7	22834	7	2580	next	miss	0
345	15434	175	Response	11	NA	NA	NA	2949692	18326	1	NA	NA	NA	NA	NA	NA
346	15434	177	Picture	trial_start	trial_start	NA	NA	2962034	0	1	667	7	0	next	other	0
347	15434	177	Picture	24; 10; UN_0; pictures//nontarget//sponge.jpg	24	10	UN_0	2962700	667	7	27500	7	580	next	miss	0
348	15434	177	Sound	24; 0; UN_0; sounds//costume.wav	24	0	UN_0	2962704	670	2	NA	NA	670	NA	hit	349
349	15434	177	Response	21	NA	NA	NA	2976892	14858	1	NA	NA	NA	NA	NA	NA
350	15434	179	Picture	trial_start	trial_start	NA	NA	2995367	0	1	667	7	0	next	other	0
351	15434	179	Picture	25; 50; No; pictures//nontarget//alligator.jpeg	25	50	No	2996034	667	7	25000	7	580	next	miss	0
352	15434	179	Sound	25; 0; No; sounds//empty.wav	25	0	No	2996038	670	2	NA	NA	670	NA	hit	353
353	15434	179	Response	21	NA	NA	NA	3012522	17154	1	NA	NA	NA	NA	NA	NA
354	15434	181	Picture	trial_start	trial_start	NA	NA	3026201	0	1	667	7	0	next	other	0
355	15434	181	Picture	26; 10; UN_0; pictures//nontarget//window.jpg	26	10	UN_0	3026868	667	7	26000	7	580	next	miss	0
356	15434	181	Sound	26; 0; UN_0; sounds//flood.wav	26	0	UN_0	3026871	670	2	NA	NA	670	NA	hit	357
357	15434	181	Response	21	NA	NA	NA	3050991	24789	1	NA	NA	NA	NA	NA	NA
358	15434	183	Picture	trial_start	trial_start	NA	NA	3058035	0	1	2667	7	0	next	other	0
359	15434	183	Sound	27; 45; C; sounds//fungus.wav	27	45	C	3058705	670	1	NA	NA	670	NA	hit	361
360	15434	183	Picture	27; 40; C; pictures//nontarget//mushroom.jpg	27	40	C	3060702	2667	7	24000	7	2580	next	miss	0
361	15434	183	Response	21	NA	NA	NA	3073661	15626	1	NA	NA	NA	NA	NA	NA
362	15434	185	Picture	trial_start	trial_start	NA	NA	3090035	0	1	667	7	0	next	other	0
363	15434	185	Picture	28; 30; P; pictures//nontarget//crab.jpg	28	30	P	3090702	667	7	28167	7	580	next	miss	0
364	15434	185	Sound	28; 0; P; sounds//craft.wav	28	0	P	3090705	670	2	NA	NA	670	NA	hit	365
365	15434	185	Response	21	NA	NA	NA	3107220	17184	1	NA	NA	NA	NA	NA	NA
366	15434	187	Picture	trial_start	trial_start	NA	NA	3124036	0	1	667	7	0	next	other	0
367	15434	187	Picture	29; 50; No; pictures//target//pen.jpeg	29	50	No	3124703	667	7	25667	7	580	next	miss	0
368	15434	187	Sound	29; 0; No; sounds//empty.wav	29	0	No	3124706	670	2	NA	NA	670	NA	hit	369
369	15434	187	Response	11	NA	NA	NA	3134969	10934	1	NA	NA	NA	NA	NA	NA
370	15434	189	Picture	trial_start	trial_start	NA	NA	3155536	0	1	2667	7	0	next	other	0
371	15434	189	Sound	30; 45; C; sounds//walnut.wav	30	45	C	3156206	670	2	NA	NA	670	NA	incorrect	373
372	15434	189	Picture	30; 40; C; pictures//target//acorn.jpg	30	40	C	3158203	2667	7	22500	13	2580	next	miss	0
373	15434	189	Response	2	NA	NA	NA	3172029	16493	1	NA	NA	NA	NA	NA	NA
374	15434	190	Picture	0;222;blockend	0	222	blockend	3180703	0	7	333	13	0	next	other	0
375	15434	191	Picture	0;111;blockstart	0	111	blockstart	3181037	0	7	167	7	0	next	other	0
376	15434	192	Picture	block_tar_pic	block_tar_pic	NA	NA	3181203	0	1	50501	1	0	next	other	0
377	15434	192	Sound	block_tar_sound	block_tar_sound	NA	NA	3181210	7	1	NA	NA	0	NA	other	0
378	15434	194	Picture	trial_start	trial_start	NA	NA	3236871	0	1	2667	7	0	next	other	0
379	15434	194	Sound	1; 25; UN_200; sounds//trait.wav	1	25	UN_200	3237541	670	3	NA	NA	670	NA	hit	381
380	15434	194	Picture	1; 20; UN_200; pictures//nontarget//cookie.jpeg	1	20	UN_200	3239537	2667	7	23834	7	2580	next	miss	0
381	15434	194	Response	21	NA	NA	NA	3254339	17468	1	NA	NA	NA	NA	NA	NA
382	15434	196	Picture	trial_start	trial_start	NA	NA	3268538	0	1	667	7	0	next	other	0
383	15434	196	Picture	2; 30; P; pictures//target//Anchor.jpg	2	30	P	3269204	667	7	26000	7	580	next	miss	0
384	15434	196	Sound	2; 0; P; sounds//angle.wav	2	0	P	3269208	670	1	NA	NA	670	NA	hit	385
385	15434	196	Response	11	NA	NA	NA	3292817	24279	1	NA	NA	NA	NA	NA	NA
386	15434	198	Picture	trial_start	trial_start	NA	NA	3300371	0	1	2667	7	0	next	other	0
387	15434	198	Sound	3; 45; C; sounds//buffalo.wav	3	45	C	3301041	670	1	NA	NA	670	NA	miss	0
388	15434	198	Picture	3; 40; C; pictures//nontarget//cow.jpg	3	40	C	3303038	2667	7	22834	7	2580	next	miss	0
389	15434	199	Response	2	NA	NA	NA	3326637	765	1	NA	NA	NA	NA	NA	NA
390	15434	200	Picture	trial_start	trial_start	NA	NA	3331039	0	1	2667	7	0	next	other	0
391	15434	200	Sound	4; 25; UN_200; sounds//giant.wav	4	25	UN_200	3331709	670	2	NA	NA	670	NA	hit	393
392	15434	200	Picture	4; 20; UN_200; pictures//nontarget//eye.png	4	20	UN_200	3333705	2667	7	23334	7	2580	next	miss	0
393	15434	200	Response	21	NA	NA	NA	3353227	22189	1	NA	NA	NA	NA	NA	NA
394	15434	202	Picture	trial_start	trial_start	NA	NA	3362206	0	1	667	7	0	next	other	0
395	15434	202	Picture	5; 30; P; pictures//nontarget//peach.png	5	30	P	3362872	667	7	24834	7	580	next	miss	0
396	15434	202	Sound	5; 0; P; sounds//peak.wav	5	0	P	3362876	670	2	NA	NA	670	NA	hit	397
397	15434	202	Response	21	NA	NA	NA	3374076	11871	1	NA	NA	NA	NA	NA	NA
398	15434	204	Picture	trial_start	trial_start	NA	NA	3392873	0	1	667	7	0	next	other	0
399	15434	204	Picture	6; 50; No; pictures//nontarget//lollipop.jpeg	6	50	No	3393539	667	7	25000	7	580	next	miss	0
400	15434	204	Sound	6; 0; No; sounds//empty.wav	6	0	No	3393543	670	2	NA	NA	670	NA	hit	401
401	15434	204	Response	21	NA	NA	NA	3402576	9704	1	NA	NA	NA	NA	NA	NA
402	15434	206	Picture	trial_start	trial_start	NA	NA	3423706	0	1	667	8	0	next	other	0
403	15434	206	Picture	7; 10; UN_0; pictures//target//razor.jpg	7	10	UN_0	3424373	667	7	25667	8	580	next	miss	0
404	15434	206	Sound	7; 0; UN_0; sounds//balance.wav	7	0	UN_0	3424376	670	2	NA	NA	670	NA	miss	0
405	15434	207	Response	2	NA	NA	NA	3451896	1856	1	NA	NA	NA	NA	NA	NA
406	15434	208	Picture	trial_start	trial_start	NA	NA	3455207	0	1	667	7	0	next	other	0
407	15434	208	Picture	8; 10; UN_0; pictures//target//hammer.jpg	8	10	UN_0	3455874	667	7	25334	7	580	next	miss	0
408	15434	208	Sound	8; 0; UN_0; sounds//logic.wav	8	0	UN_0	3455877	670	2	NA	NA	670	NA	hit	409
409	15434	208	Response	11	NA	NA	NA	3467875	12668	1	NA	NA	NA	NA	NA	NA
410	15434	210	Picture	trial_start	trial_start	NA	NA	3486374	0	1	667	7	0	next	other	0
411	15434	210	Picture	9; 30; P; pictures//nontarget//grass.jpg	9	30	P	3487041	667	7	25666	8	580	next	miss	0
412	15434	210	Sound	9; 0; P; sounds//gram.wav	9	0	P	3487044	670	2	NA	NA	670	NA	hit	413
413	15434	210	Response	21	NA	NA	NA	3501925	15551	1	NA	NA	NA	NA	NA	NA
414	15434	212	Picture	trial_start	trial_start	NA	NA	3517875	0	1	2667	7	0	next	other	0
415	15434	212	Sound	10; 25; UN_200; sounds//law.wav	10	25	UN_200	3518545	670	1	NA	NA	670	NA	hit	417
416	15434	212	Picture	10; 20; UN_200; pictures//nontarget//teabag.jpg	10	20	UN_200	3520541	2667	7	22834	7	2580	next	miss	0
417	15434	212	Response	21	NA	NA	NA	3536075	18201	1	NA	NA	NA	NA	NA	NA
418	15434	214	Picture	trial_start	trial_start	NA	NA	3548541	0	1	667	7	0	next	other	0
419	15434	214	Picture	11; 50; No; pictures//target//speaker.jpeg	11	50	No	3549208	667	7	24834	7	580	next	miss	0
420	15434	214	Sound	11; 0; No; sounds//empty.wav	11	0	No	3549212	670	2	NA	NA	670	NA	hit	421
421	15434	214	Response	11	NA	NA	NA	3558566	10025	1	NA	NA	NA	NA	NA	NA
422	15434	216	Picture	trial_start	trial_start	NA	NA	3579209	0	1	667	7	0	next	other	0
423	15434	216	Picture	12; 30; P; pictures//target//binder.jpg	12	30	P	3579875	667	7	25000	7	580	next	miss	0
424	15434	216	Sound	12; 0; P; sounds//bias.wav	12	0	P	3579879	670	2	NA	NA	670	NA	hit	425
425	15434	216	Response	11	NA	NA	NA	3603105	23897	1	NA	NA	NA	NA	NA	NA
426	15434	218	Picture	trial_start	trial_start	NA	NA	3610042	0	1	667	7	0	next	other	0
427	15434	218	Picture	13; 10; UN_0; pictures//nontarget//vacuum.png	13	10	UN_0	3610709	667	7	24833	7	580	next	miss	0
428	15434	218	Sound	13; 0; UN_0; sounds//school.wav	13	0	UN_0	3610712	670	2	NA	NA	670	NA	hit	429
429	15434	218	Response	21	NA	NA	NA	3622462	12420	1	NA	NA	NA	NA	NA	NA
430	15434	220	Picture	trial_start	trial_start	NA	NA	3640709	0	1	2667	7	0	next	other	0
431	15434	220	Sound	14; 25; UN_200; sounds//ego.wav	14	25	UN_200	3641379	670	2	NA	NA	670	NA	hit	433
432	15434	220	Picture	14; 20; UN_200; pictures//target//paper.jpg	14	20	UN_200	3643376	2667	7	23834	7	2580	next	miss	0
433	15434	220	Response	11	NA	NA	NA	3654532	13823	1	NA	NA	NA	NA	NA	NA
434	15434	222	Picture	trial_start	trial_start	NA	NA	3672376	0	1	667	7	0	next	other	0
435	15434	222	Picture	15; 10; UN_0; pictures//nontarget//key.jpg	15	10	UN_0	3673043	667	7	24834	7	580	next	miss	0
436	15434	222	Sound	15; 0; UN_0; sounds//blog.wav	15	0	UN_0	3673047	670	1	NA	NA	670	NA	hit	437
437	15434	222	Response	21	NA	NA	NA	3694033	21656	1	NA	NA	NA	NA	NA	NA
438	15434	224	Picture	trial_start	trial_start	NA	NA	3703044	0	1	667	7	0	next	other	0
439	15434	224	Picture	16; 50; No; pictures//target//printer.jpeg	16	50	No	3703710	667	7	26000	7	580	next	miss	0
440	15434	224	Sound	16; 0; No; sounds//empty.wav	16	0	No	3703714	670	2	NA	NA	670	NA	miss	0
441	15434	225	Response	1	NA	NA	NA	3732033	2323	1	NA	NA	NA	NA	NA	NA
442	15434	226	Picture	trial_start	trial_start	NA	NA	3734877	0	1	2667	7	0	next	other	0
443	15434	226	Sound	17; 25; UN_200; sounds//rabbit.wav	17	25	UN_200	3735547	670	1	NA	NA	670	NA	hit	445
444	15434	226	Picture	17; 20; UN_200; pictures//target//stapler.jpg	17	20	UN_200	3737544	2667	7	23667	7	2580	next	miss	0
445	15434	226	Response	11	NA	NA	NA	3751202	16325	1	NA	NA	NA	NA	NA	NA
446	15434	228	Picture	trial_start	trial_start	NA	NA	3766378	0	1	667	7	0	next	other	0
447	15434	228	Picture	18; 30; P; pictures//target//ladder.jpg	18	30	P	3767044	667	7	25000	7	580	next	miss	0
448	15434	228	Sound	18; 0; P; sounds//lactose.wav	18	0	P	3767048	670	2	NA	NA	670	NA	hit	449
449	15434	228	Response	11	NA	NA	NA	3779610	13232	1	NA	NA	NA	NA	NA	NA
450	15434	230	Picture	trial_start	trial_start	NA	NA	3797211	0	1	2667	7	0	next	other	0
451	15434	230	Sound	19; 45; C; sounds//lamp.wav	19	45	C	3797881	670	2	NA	NA	670	NA	incorrect	453
452	15434	230	Picture	19; 40; C; pictures//target//chandelier.jpg	19	40	C	3799878	2667	7	23834	7	2580	next	miss	0
453	15434	230	Response	2	NA	NA	NA	3813591	16379	1	NA	NA	NA	NA	NA	NA
454	15434	232	Picture	trial_start	trial_start	NA	NA	3828879	0	1	667	7	0	next	other	0
455	15434	232	Picture	20; 10; UN_0; pictures//target//eraser.jpg	20	10	UN_0	3829545	667	7	25667	7	580	next	miss	0
456	15434	232	Sound	20; 0; UN_0; sounds//den.wav	20	0	UN_0	3829549	670	1	NA	NA	670	NA	hit	457
457	15434	232	Response	11	NA	NA	NA	3849541	20662	1	NA	NA	NA	NA	NA	NA
458	15434	234	Picture	trial_start	trial_start	NA	NA	3860379	0	1	667	7	0	next	other	0
459	15434	234	Picture	21; 50; No; pictures//nontarget//crown.jpeg	21	50	No	3861046	667	7	24834	7	580	next	miss	0
460	15434	234	Sound	21; 0; No; sounds//empty.wav	21	0	No	3861049	670	2	NA	NA	670	NA	hit	461
461	15434	234	Response	21	NA	NA	NA	3883250	22871	1	NA	NA	NA	NA	NA	NA
462	15434	236	Picture	trial_start	trial_start	NA	NA	3891046	0	1	667	7	0	next	other	0
463	15434	236	Picture	22; 10; UN_0; pictures//nontarget//tomato.jpeg	22	10	UN_0	3891713	667	7	27667	7	580	next	miss	0
464	15434	236	Sound	22; 0; UN_0; sounds//cousin.wav	22	0	UN_0	3891716	670	1	NA	NA	670	NA	hit	465
465	15434	236	Response	21	NA	NA	NA	3905559	14513	1	NA	NA	NA	NA	NA	NA
466	15434	238	Picture	trial_start	trial_start	NA	NA	3924547	0	1	2667	7	0	next	other	0
467	15434	238	Sound	23; 45; C; sounds//fly.wav	23	45	C	3925217	670	1	NA	NA	670	NA	miss	0
468	15434	238	Picture	23; 40; C; pictures//nontarget//bee.jpg	23	40	C	3927213	2667	7	23167	7	2580	next	miss	0
469	15434	238	Response	2	NA	NA	NA	3950340	25793	1	NA	NA	NA	NA	NA	NA
470	15434	240	Picture	trial_start	trial_start	NA	NA	3955547	0	1	2667	7	0	next	other	0
471	15434	240	Sound	24; 25; UN_200; sounds//glance.wav	24	25	UN_200	3956217	670	2	NA	NA	670	NA	hit	473
472	15434	240	Picture	24; 20; UN_200; pictures//target//elevator.jpeg	24	20	UN_200	3958214	2667	7	23000	7	2580	next	miss	0
473	15434	240	Response	11	NA	NA	NA	3968577	13030	1	NA	NA	NA	NA	NA	NA
474	15434	242	Picture	trial_start	trial_start	NA	NA	3986381	0	1	2667	7	0	next	other	0
475	15434	242	Sound	25; 45; C; sounds//window.wav	25	45	C	3987051	670	2	NA	NA	670	NA	incorrect	477
476	15434	242	Picture	25; 40; C; pictures//target//door.jpg	25	40	C	3989047	2667	7	26334	7	2580	next	miss	0
477	15434	242	Response	2	NA	NA	NA	4001558	15178	1	NA	NA	NA	NA	NA	NA
478	15434	244	Picture	trial_start	trial_start	NA	NA	4020548	0	1	667	7	0	next	other	0
479	15434	244	Picture	26; 50; No; pictures//target//sweater.jpeg	26	50	No	4021215	667	7	24834	7	580	next	miss	0
480	15434	244	Sound	26; 0; No; sounds//empty.wav	26	0	No	4021218	670	2	NA	NA	670	NA	hit	481
481	15434	244	Response	11	NA	NA	NA	4033519	12971	1	NA	NA	NA	NA	NA	NA
482	15434	246	Picture	trial_start	trial_start	NA	NA	4051215	0	1	667	7	0	next	other	0
483	15434	246	Picture	27; 50; No; pictures//nontarget//gum.jpeg	27	50	No	4051882	667	7	25834	7	580	next	miss	0
484	15434	246	Sound	27; 0; No; sounds//empty.wav	27	0	No	4051885	670	1	NA	NA	670	NA	hit	485
485	15434	246	Response	21	NA	NA	NA	4065278	14063	1	NA	NA	NA	NA	NA	NA
486	15434	248	Picture	trial_start	trial_start	NA	NA	4082881	0	1	2667	7	0	next	other	0
487	15434	248	Sound	28; 45; C; sounds//horse.wav	28	45	C	4083551	670	2	NA	NA	670	NA	hit	489
488	15434	248	Picture	28; 40; C; pictures//nontarget//zebra.jpg	28	40	C	4085549	2667	7	23000	7	2580	next	miss	0
489	15434	248	Response	21	NA	NA	NA	4096459	13577	1	NA	NA	NA	NA	NA	NA
490	15434	250	Picture	trial_start	trial_start	NA	NA	4113716	0	1	667	7	0	next	other	0
491	15434	250	Picture	29; 30; P; pictures//nontarget//asparagus.jpg	29	30	P	4114382	667	7	24834	7	580	next	miss	0
492	15434	250	Sound	29; 0; P; sounds//ascent.wav	29	0	P	4114386	670	2	NA	NA	670	NA	hit	493
493	15434	250	Response	21	NA	NA	NA	4130037	16321	1	NA	NA	NA	NA	NA	NA
494	15434	252	Picture	trial_start	trial_start	NA	NA	4144383	0	1	2667	7	0	next	other	0
495	15434	252	Sound	30; 45; C; sounds//cat.wav	30	45	C	4145053	670	1	NA	NA	670	NA	hit	497
496	15434	252	Picture	30; 40; C; pictures//target//tiger.jpg	30	40	C	4147050	2667	7	22500	13	2580	next	miss	0
497	15434	252	Response	11	NA	NA	NA	4159035	14653	1	NA	NA	NA	NA	NA	NA
498	15434	253	Picture	0;222;blockend	0	222	blockend	4169550	0	7	167	13	0	next	other	0
499	15434	254	Picture	2; run2_end	2	run2_end	NA	4169716	0	7	202119	7	0	next	other	0
500	15434	254	Response	0	NA	NA	NA	4364519	194803	1	NA	NA	NA	NA	NA	NA
